,player,season,week,team,pos,Player,Season,Age
636,Ryan Griffin,2019.0,14.0,TBB,QB,Ryan Griffin,2019.0,29.0
638,Ryan Griffin,2019.0,1.0,NYJ,TE,Ryan Griffin,2019.0,29.0
1834,Chris Thompson,2017.0,1.0,WAS,RB,Chris Thompson,2017.0,23.0
1836,Chris Thompson,2017.0,5.0,HOU,WR,Chris Thompson,2017.0,23.0
7413,,,,,,Peyton Manning,2010.0,34.0
7414,,,,,,Drew Brees,2010.0,31.0
7415,,,,,,Matt Schaub,2010.0,29.0
7416,,,,,,Eli Manning,2010.0,29.0
7417,,,,,,Carson Palmer,2010.0,31.0
7418,,,,,,Aaron Rodgers,2010.0,27.0
7419,,,,,,Tom Brady,2010.0,33.0
7420,,,,,,Matt Ryan,2010.0,25.0
7421,,,,,,Kyle Orton,2010.0,28.0
7422,,,,,,Joe Flacco,2010.0,25.0
7423,,,,,,Sam Bradford,2010.0,23.0
7424,,,,,,Josh Freeman,2010.0,22.0
7425,,,,,,Donovan McNabb,2010.0,34.0
7426,,,,,,Chad Henne,2010.0,25.0
7427,,,,,,Mark Sanchez,2010.0,24.0
7428,,,,,,Jay Cutler,2010.0,27.0
7429,,,,,,Ben Roethlisberger,2010.0,28.0
7430,,,,,,Matt Cassel,2010.0,28.0
7431,,,,,,Michael Vick,2010.0,30.0
7432,,,,,,Matt Hasselbeck,2010.0,35.0
7433,,,,,,Ryan Fitzpatrick,2010.0,28.0
7434,,,,,,David Garrard,2010.0,32.0
7435,,,,,,Shaun Hill,2010.0,30.0
7436,,,,,,Brett Favre,2010.0,41.0
7437,,,,,,Jason Campbell,2010.0,29.0
7438,,,,,,Alex Smith,2010.0,26.0
7439,,,,,,Alex Smith,2010.0,28.0
7440,,,,,,Jon Kitna,2010.0,38.0
7441,,,,,,Derek Anderson,2010.0,27.0
7442,,,,,,Kerry Collins,2010.0,38.0
7443,,,,,,Tony Romo,2010.0,30.0
7444,,,,,,Colt McCoy,2010.0,24.0
7445,,,,,,Jimmy Clausen,2010.0,23.0
7446,,,,,,Vince Young,2010.0,27.0
7447,,,,,,Kevin Kolb,2010.0,26.0
7448,,,,,,Troy Smith,2010.0,26.0
7449,,,,,,Bruce Gradkowski,2010.0,27.0
7450,,,,,,Rex Grossman,2010.0,30.0
7451,,,,,,Jake Delhomme,2010.0,35.0
7452,,,,,,Matt Moore,2010.0,26.0
7453,,,,,,Drew Stanton,2010.0,26.0
7454,,,,,,Seneca Wallace,2010.0,30.0
7455,,,,,,John Skelton,2010.0,22.0
7456,,,,,,Tim Tebow,2010.0,23.0
7457,,,,,,Matthew Stafford,2010.0,22.0
7458,,,,,,Trent Edwards,2010.0,27.0
7459,,,,,,Charlie Whitehurst,2010.0,28.0
7460,,,,,,Joe Webb,2010.0,24.0
7461,,,,,,Tyler Thigpen,2010.0,26.0
7462,,,,,,Matt Flynn,2010.0,25.0
7463,,,,,,Max Hall,2010.0,25.0
7464,,,,,,Charlie Batch,2010.0,36.0
7465,,,,,,Tarvaris Jackson,2010.0,27.0
7466,,,,,,Dennis Dixon,2010.0,25.0
7467,,,,,,Stephen McGee,2010.0,25.0
7468,,,,,,Todd Bouman,2010.0,38.0
7469,,,,,,Rusty Smith,2010.0,23.0
7470,,,,,,Brian St. Pierre,2010.0,31.0
7471,,,,,,Richard Bartel,2010.0,27.0
7472,,,,,,Brian Hoyer,2010.0,25.0
7473,,,,,,Luke McCown,2010.0,29.0
7474,,,,,,Mark Brunell,2010.0,40.0
7475,,,,,,Josh Johnson,2010.0,24.0
7476,,,,,,Brian Brohm,2010.0,25.0
7477,,,,,,Todd Collins,2010.0,39.0
7478,,,,,,David Carr,2010.0,31.0
7479,,,,,,Caleb Hanie,2010.0,25.0
7480,,,,,,Tony Pike,2010.0,24.0
7481,,,,,,Byron Leftwich,2010.0,30.0
7482,,,,,,Antwaan Randle El,2010.0,31.0
7483,,,,,,Brodie Croyle,2010.0,27.0
7484,,,,,,Tyler Palko,2010.0,27.0
7485,,,,,,Mohamed Massaquoi,2010.0,24.0
7486,,,,,,Michael Robinson,2010.0,27.0
7487,,,,,,Mike Scifres,2010.0,30.0
7488,,,,,,Kyle Boller,2010.0,29.0
7489,,,,,,Levi Brown,2010.0,23.0
7490,,,,,,Chris Redman,2010.0,33.0
7491,,,,,,Josh Cribbs,2010.0,27.0
7492,,,,,,Chad Pennington,2010.0,34.0
7493,,,,,,Jordan Palmer,2010.0,26.0
7494,,,,,,Steve Breaston,2010.0,27.0
7495,,,,,,Chase Daniel,2010.0,24.0
7496,,,,,,Peyton Hillis,2010.0,24.0
7497,,,,,,Sam Koch,2010.0,28.0
7498,,,,,,Billy Volek,2010.0,34.0
7499,,,,,,Kellen Clemens,2010.0,27.0
7500,,,,,,Brad Smith,2010.0,27.0
7501,,,,,,Earnest Graham,2010.0,30.0
7502,,,,,,Marion Barber III,2010.0,27.0
7503,,,,,,Jahvid Best,2010.0,21.0
7504,,,,,,Ronnie Brown,2010.0,29.0
7505,,,,,,Patrick Crayton,2010.0,31.0
7506,,,,,,Armanti Edwards,2010.0,22.0
7507,,,,,,Chad Johnson,2010.0,32.0
7508,,,,,,Maurice Jones-Drew,2010.0,25.0
7509,,,,,,Brandon LaFell,2010.0,24.0
7510,,,,,,Stefan Logan,2010.0,29.0
7511,,,,,,Brandon Marshall,2010.0,26.0
7512,,,,,,Darren McFadden,2010.0,23.0
7513,,,,,,Micheal Spurlock,2010.0,27.0
7514,,,,,,Anquan Boldin,2010.0,30.0
7515,,,,,,Drew Brees,2011.0,32.0
7516,,,,,,Tom Brady,2011.0,34.0
7517,,,,,,Matthew Stafford,2011.0,23.0
7518,,,,,,Eli Manning,2011.0,30.0
7519,,,,,,Aaron Rodgers,2011.0,28.0
7520,,,,,,Philip Rivers,2011.0,30.0
7521,,,,,,Tony Romo,2011.0,31.0
7522,,,,,,Matt Ryan,2011.0,26.0
7523,,,,,,Ben Roethlisberger,2011.0,29.0
7524,,,,,,Cam Newton,2011.0,22.0
7525,,,,,,Ryan Fitzpatrick,2011.0,29.0
7526,,,,,,Joe Flacco,2011.0,26.0
7527,,,,,,Josh Freeman,2011.0,23.0
7528,,,,,,Matt Hasselbeck,2011.0,36.0
7529,,,,,,Mark Sanchez,2011.0,25.0
7530,,,,,,Andy Dalton,2011.0,24.0
7531,,,,,,Michael Vick,2011.0,31.0
7532,,,,,,Rex Grossman,2011.0,31.0
7533,,,,,,Alex Smith,2011.0,27.0
7534,,,,,,Alex Smith,2011.0,29.0
7535,,,,,,Tarvaris Jackson,2011.0,28.0
7536,,,,,,Carson Palmer,2011.0,32.0
7537,,,,,,Colt McCoy,2011.0,25.0
7538,,,,,,Matt Moore,2011.0,27.0
7539,,,,,,Matt Schaub,2011.0,30.0
7540,,,,,,Jay Cutler,2011.0,28.0
7541,,,,,,Blaine Gabbert,2011.0,22.0
7542,,,,,,Sam Bradford,2011.0,24.0
7543,,,,,,Kevin Kolb,2011.0,27.0
7544,,,,,,John Skelton,2011.0,23.0
7545,,,,,,Christian Ponder,2011.0,23.0
7546,,,,,,Kyle Orton,2011.0,29.0
7547,,,,,,Tim Tebow,2011.0,24.0
7548,,,,,,Matt Cassel,2011.0,29.0
7549,,,,,,Curtis Painter,2011.0,26.0
7550,,,,,,Dan Orlovsky,2011.0,28.0
7551,,,,,,Jason Campbell,2011.0,30.0
7552,,,,,,Donovan McNabb,2011.0,35.0
7553,,,,,,T.J. Yates,2011.0,24.0
7554,,,,,,Chad Henne,2011.0,26.0
7555,,,,,,Vince Young,2011.0,28.0
7556,,,,,,John Beck,2011.0,30.0
7557,,,,,,Tyler Palko,2011.0,28.0
7558,,,,,,Caleb Hanie,2011.0,26.0
7559,,,,,,Seneca Wallace,2011.0,31.0
7560,,,,,,A.J. Feeley,2011.0,34.0
7561,,,,,,Kellen Clemens,2011.0,28.0
7562,,,,,,Jake Locker,2011.0,23.0
7563,,,,,,Matt Flynn,2011.0,26.0
7564,,,,,,Kerry Collins,2011.0,39.0
7565,,,,,,Josh McCown,2011.0,32.0
7566,,,,,,Joe Webb,2011.0,25.0
7567,,,,,,Charlie Whitehurst,2011.0,29.0
7568,,,,,,Luke McCown,2011.0,30.0
7569,,,,,,Josh Johnson,2011.0,25.0
7570,,,,,,Jake Delhomme,2011.0,36.0
7571,,,,,,Charlie Batch,2011.0,37.0
7572,,,,,,Chris Redman,2011.0,34.0
7573,,,,,,Stephen McGee,2011.0,26.0
7574,,,,,,Kyle Boller,2011.0,30.0
7575,,,,,,Bruce Gradkowski,2011.0,28.0
7576,,,,,,Mike Kafka,2011.0,24.0
7577,,,,,,Jon Kitna,2011.0,39.0
7578,,,,,,Richard Bartel,2011.0,28.0
7579,,,,,,J.P. Losman,2011.0,30.0
7580,,,,,,Matt Leinart,2011.0,28.0
7581,,,,,,Sidney Rice,2011.0,25.0
7582,,,,,,Brandon Banks,2011.0,24.0
7583,,,,,,Jeremy Kerley,2011.0,23.0
7584,,,,,,Colin Kaepernick,2011.0,24.0
7585,,,,,,Shane Lechler,2011.0,35.0
7586,,,,,,Shaun Hill,2011.0,31.0
7587,,,,,,Daniel Sepulveda,2011.0,27.0
7588,,,,,,Chase Daniel,2011.0,25.0
7589,,,,,,Mark Brunell,2011.0,41.0
7590,,,,,,Legedu Naanee,2011.0,28.0
7591,,,,,,Tyler Thigpen,2011.0,27.0
7592,,,,,,Brian Hoyer,2011.0,26.0
7593,,,,,,Tyrod Taylor,2011.0,22.0
7594,,,,,,Emmanuel Sanders,2011.0,24.0
7595,,,,,,David Akers,2011.0,37.0
7596,,,,,,Armanti Edwards,2011.0,23.0
7597,,,,,,Ray Rice,2011.0,24.0
7598,,,,,,Tom Brandstater,2011.0,27.0
7599,,,,,,Randall Cobb,2011.0,21.0
7600,,,,,,Britton Colquitt,2011.0,26.0
7601,,,,,,Eric Decker,2011.0,24.0
7602,,,,,,Matt Forte,2011.0,26.0
7603,,,,,,Chas Henry,2011.0,22.0
7604,,,,,,Brandon Lloyd,2011.0,30.0
7605,,,,,,Marshawn Lynch,2011.0,25.0
7606,,,,,,Jerious Norwood,2011.0,28.0
7607,,,,,,Adam Podlesh,2011.0,28.0
7608,,,,,,Bernard Scott,2011.0,27.0
7609,,,,,,Brad Smith,2011.0,28.0
7610,,,,,,Micheal Spurlock,2011.0,28.0
7611,,,,,,Demaryius Thomas,2011.0,24.0
7612,,,,,,Alex Smith,2012.0,28.0
7613,,,,,,Alex Smith,2012.0,30.0
7614,,,,,,Johnny Hekker,2012.0,22.0
7615,,,,,,Tim Masthay,2012.0,25.0
7616,,,,,,Shane Lechler,2012.0,36.0
7617,,,,,,Brandon Fields,2012.0,28.0
7618,,,,,,Alex Smith,2013.0,29.0
7619,,,,,,Alex Smith,2013.0,31.0
7620,,,,,,Nick Foles ,2013.0,24.0
7621,,,,,,EJ Manuel,2013.0,23.0
7622,,,,,,Josh Cribbs,2013.0,30.0
7623,,,,,,Mat McBriar,2013.0,34.0
7624,,,,,,Patrick Peterson,2013.0,23.0
7625,,,,,,Spencer Lanning,2013.0,25.0
7626,,,,,,Josh Bush,2013.0,24.0
7627,,,,,,Johnny Hekker,2013.0,23.0
7628,,,,,,Michael Koenen,2013.0,31.0
7629,,,,,,Shann Schillinger,2013.0,27.0
7630,,,,,,Alex Smith,2014.0,30.0
7631,,,,,,EJ Manuel,2014.0,24.0
7632,,,,,,Ryan Quigley,2014.0,24.0
7633,,,,,,Johnny Hekker,2014.0,24.0
7634,,,,,,Sam Martin,2014.0,24.0
7635,,,,,,Robert Golden,2014.0,24.0
7636,,,,,,Bryan Anger,2014.0,26.0
7637,,,,,,Shane Lechler,2014.0,38.0
7638,,,,,,Dustin Colquitt,2014.0,32.0
7639,,,,,,Andy Lee,2014.0,32.0
7640,,,,,,Pat McAfee,2014.0,27.0
7641,,,,,,Eric Weddle,2014.0,29.0
7642,,,,,,Brad Wing,2014.0,23.0
7643,,,,,,Alex Smith,2015.0,31.0
7644,,,,,,EJ Manuel,2015.0,25.0
7645,,,,,,Johnny Hekker,2015.0,25.0
7646,,,,,,Sam Koch,2015.0,33.0
7647,,,,,,Alex Smith,2016.0,32.0
7648,,,,,,EJ Manuel,2016.0,26.0
7649,,,,,,Pat McAfee,2016.0,29.0
7650,,,,,,Tress Way,2016.0,26.0
7651,,,,,,Riley Dixon,2016.0,23.0
7652,,,,,,Johnny Hekker,2016.0,26.0
7653,,,,,,Dontari Poe,2016.0,26.0
7654,,,,,,Antonio Morrison,2016.0,22.0
7655,,,,,,Alex Smith,2017.0,33.0
7656,,,,,,EJ Manuel,2017.0,27.0
7657,,,,,,Robert Golden,2017.0,27.0
7658,,,,,,Sam Koch,2017.0,35.0
7659,,,,,,Pat O'Donnell,2017.0,26.0
7660,,,,,,Johnny Hekker,2017.0,27.0
7661,,,,,,Lac Edwards,2017.0,25.0
7662,,,,,,Brad Nortman,2017.0,28.0
7663,,,,,,Matt Haack,2017.0,23.0
7664,,,,,,Michael Palardy,2017.0,25.0
7665,,,,,,Ryan Quigley,2017.0,27.0
7666,,,,,,Alex Smith,2018.0,34.0
7667,,,,,,Kevin Byard,2018.0,25.0
7668,,,,,,Emmanuel Sanders,2018.0,31.0
7669,,,,,,Sam Koch,2018.0,36.0
7670,,,,,,Johnny Hekker,2018.0,28.0
7671,,,,,,Colby Wadman,2018.0,23.0
7672,,,,,,Tress Way,2018.0,28.0
7673,,,,,,Logan Cooke,2018.0,23.0
7674,,,,,,Bryan Anger,2018.0,30.0
7675,,,,,,Corey Bojorquez,2018.0,22.0
7676,,,,,,JK Scott,2018.0,23.0
7677,,,,,,Gardner Minshew II,2019.0,23.0
7678,,,,,,Emmanuel Sanders,2019.0,32.0
7679,,,,,,Johnny Hekker,2019.0,29.0
7680,,,,,,Andy Lee,2019.0,37.0
7681,,,,,,Logan Cooke,2019.0,24.0
7682,,,,,,Michael Palardy,2019.0,27.0
7683,,,,,,Brett Kern,2019.0,33.0
7684,,,,,,Matt Haack,2019.0,25.0
7685,,,,,,Dustin Colquitt,2019.0,37.0
7686,,,,,,Sam Koch,2019.0,37.0
7687,,,,,,Gardner Minshew II,2020.0,24.0
7688,,,,,,Alex Smith,2020.0,36.0
7689,,,,,,P.J. Walker,2020.0,25.0
7690,,,,,,Lynn Bowden Jr.,2020.0,23.0
7691,,,,,,Joseph Charlton,2020.0,23.0
7692,,,,,,Andy Lee,2020.0,38.0
7693,,,,,,Cedrick Wilson Jr.,2020.0,25.0
7694,,,,,,Sam Koch,2020.0,38.0
7695,,,,,,Jaquan Johnson,2020.0,25.0
7696,,,,,,Tommy Townsend,2020.0,24.0
7697,,,,,,Riley Dixon,2020.0,27.0
7698,,,,,,Chris Jones,2020.0,31.0
7699,,,,,,Brett Kern,2020.0,34.0
7700,,,,,,Gardner Minshew II,2021.0,25.0
7701,,,,,,P.J. Walker,2021.0,26.0
7702,,,,,,Cedrick Wilson Jr.,2021.0,26.0
7703,,,,,,Jack Fox,2021.0,25.0
7704,,,,,,Chris Banjo,2021.0,31.0
7705,,,,,,Tommy Townsend,2021.0,25.0
7706,,,,,,Matthias Farley,2021.0,29.0
7707,,,,,,Johnny Hekker,2021.0,31.0
7708,,,,,,Riley Dixon,2021.0,28.0
7709,,,,,,Blake Gillikin,2021.0,23.0
7710,,,,,,Sam Koch,2021.0,39.0
7711,,,,,,Ty Long,2021.0,28.0
7712,,,,,,Roddy White,2010.0,29.0
7713,,,,,,Reggie Wayne,2010.0,32.0
7714,,,,,,Jason Witten,2010.0,28.0
7715,,,,,,Santana Moss,2010.0,31.0
7716,,,,,,Larry Fitzgerald,2010.0,27.0
7717,,,,,,Andre Johnson,2010.0,29.0
7718,,,,,,Wes Welker,2010.0,29.0
7719,,,,,,Danny Amendola,2010.0,25.0
7720,,,,,,Marques Colston,2010.0,27.0
7721,,,,,,Steve Johnson,2010.0,24.0
7722,,,,,,Davone Bess,2010.0,25.0
7723,,,,,,Hakeem Nicks,2010.0,22.0
7724,,,,,,LeSean McCoy,2010.0,22.0
7725,,,,,,Chris Cooley,2010.0,28.0
7726,,,,,,Calvin Johnson,2010.0,25.0
7727,,,,,,Brandon Lloyd,2010.0,29.0
7728,,,,,,Greg Jennings,2010.0,27.0
7729,,,,,,Dwayne Bowe,2010.0,26.0
7730,,,,,,Terrell Owens,2010.0,37.0
7731,,,,,,Percy Harvin,2010.0,22.0
7732,,,,,,Brandon Pettigrew,2010.0,25.0
7733,,,,,,Tony Gonzalez,2010.0,34.0
7734,,,,,,Jeremy Maclin,2010.0,22.0
7735,,,,,,Miles Austin,2010.0,26.0
7736,,,,,,Ben Watson,2010.0,30.0
7737,,,,,,Pierre Garcon,2010.0,24.0
7738,,,,,,Jacob Tamme,2010.0,25.0
7739,,,,,,Arian Foster,2010.0,24.0
7740,,,,,,Lance Moore,2010.0,27.0
7741,,,,,,Mike Thomas,2010.0,23.0
7742,,,,,,Kellen Winslow,2010.0,27.0
7743,,,,,,Jabar Gaffney,2010.0,30.0
7744,,,,,,Mike Williams,2010.0,26.0
7745,,,,,,Mike Williams,2010.0,23.0
7746,,,,,,Ray Rice,2010.0,23.0
7747,,,,,,Deion Branch,2010.0,31.0
7748,,,,,,Derrick Mason,2010.0,36.0
7749,,,,,,Mario Manningham,2010.0,24.0
7750,,,,,,Zach Miller,2010.0,25.0
7751,,,,,,Zach Miller,2010.0,26.0
7752,,,,,,Mike Wallace,2010.0,24.0
7753,,,,,,Eddie Royal,2010.0,24.0
7754,,,,,,Darren Sproles,2010.0,27.0
7755,,,,,,Hines Ward,2010.0,34.0
7756,,,,,,Austin Collie,2010.0,25.0
7757,,,,,,Marcedes Lewis,2010.0,26.0
7758,,,,,,Vernon Davis,2010.0,26.0
7759,,,,,,Nate Burleson,2010.0,29.0
7760,,,,,,Michael Crabtree,2010.0,23.0
7761,,,,,,Dustin Keller,2010.0,26.0
7762,,,,,,Braylon Edwards,2010.0,27.0
7763,,,,,,Brandon Gibson,2010.0,23.0
7764,,,,,,Jermaine Gresham,2010.0,22.0
7765,,,,,,Santonio Holmes,2010.0,26.0
7766,,,,,,Jordan Shipley,2010.0,25.0
7767,,,,,,LaDainian Tomlinson,2010.0,31.0
7768,,,,,,Jason Avant,2010.0,27.0
7769,,,,,,Donald Driver,2010.0,35.0
7770,,,,,,Matt Forte,2010.0,25.0
7771,,,,,,Jacoby Jones,2010.0,26.0
7772,,,,,,Johnny Knox,2010.0,24.0
7773,,,,,,Kevin Walter,2010.0,29.0
7774,,,,,,Antonio Gates,2010.0,30.0
7775,,,,,,James Jones,2010.0,26.0
7776,,,,,,Felix Jones,2010.0,23.0
7777,,,,,,Steve Smith,2010.0,25.0
7778,,,,,,Ahmad Bradshaw,2010.0,24.0
7779,,,,,,DeSean Jackson,2010.0,24.0
7780,,,,,,Tony Moeaki,2010.0,23.0
7781,,,,,,Visanthe Shiancoe,2010.0,30.0
7782,,,,,,Earl Bennett,2010.0,23.0
7783,,,,,,Frank Gore,2010.0,27.0
7784,,,,,,Steven Jackson,2010.0,27.0
7785,,,,,,Steve Smith Sr.,2010.0,31.0
7786,,,,,,Cadillac Williams,2010.0,28.0
7787,,,,,,Dez Bryant,2010.0,22.0
7788,,,,,,Jamaal Charles,2010.0,24.0
7789,,,,,,Aaron Hernandez,2010.0,21.0
7790,,,,,,Jordy Nelson,2010.0,25.0
7791,,,,,,Tony Scheffler,2010.0,27.0
7792,,,,,,Anthony Armstrong,2010.0,27.0
7793,,,,,,Chris Johnson,2010.0,25.0
7794,,,,,,Robert Meachem,2010.0,26.0
7795,,,,,,Josh Morgan,2010.0,25.0
7796,,,,,,Jason Snelling,2010.0,27.0
7797,,,,,,Brian Hartline,2010.0,24.0
7798,,,,,,Brandon Jackson,2010.0,25.0
7799,,,,,,Mike Sims-Walker,2010.0,26.0
7800,,,,,,Kenny Britt,2010.0,22.0
7801,,,,,,Brent Celek,2010.0,25.0
7802,,,,,,Rob Gronkowski,2010.0,21.0
7803,,,,,,Heath Miller,2010.0,28.0
7804,,,,,,Nate Washington,2010.0,27.0
7805,,,,,,Jerricho Cotchery,2010.0,28.0
7806,,,,,,Daniel Fells,2010.0,27.0
7807,,,,,,Michael Jenkins,2010.0,28.0
7808,,,,,,Louis Murphy,2010.0,23.0
7809,,,,,,Greg Olsen,2010.0,25.0
7810,,,,,,Jeremy Shockey,2010.0,30.0
7811,,,,,,Mike Goodson,2010.0,23.0
7812,,,,,,Todd Heap,2010.0,30.0
7813,,,,,,Devin Hester,2010.0,28.0
7814,,,,,,Chansi Stuckey,2010.0,27.0
7815,,,,,,Anthony Fasano,2010.0,26.0
7816,,,,,,Keiland Williams,2010.0,24.0
7817,,,,,,Owen Daniels,2010.0,28.0
7818,,,,,,Dallas Clark,2010.0,31.0
7819,,,,,,Lee Evans,2010.0,29.0
7820,,,,,,Malcom Floyd,2010.0,29.0
7821,,,,,,David Gettis,2010.0,23.0
7822,,,,,,Knowshon Moreno,2010.0,23.0
7823,,,,,,Roy Williams,2010.0,29.0
7824,,,,,,Deon Butler,2010.0,24.0
7825,,,,,,Joel Dreessen,2010.0,28.0
7826,,,,,,Adrian Peterson,2010.0,25.0
7827,,,,,,Bo Scaife,2010.0,29.0
7828,,,,,,Blair White,2010.0,23.0
7829,,,,,,Kevin Boss,2010.0,26.0
7830,,,,,,Reggie Bush,2010.0,25.0
7831,,,,,,Devery Henderson,2010.0,28.0
7832,,,,,,Laurent Robinson,2010.0,25.0
7833,,,,,,Danny Woodhead,2010.0,25.0
7834,,,,,,Martellus Bennett,2010.0,23.0
7835,,,,,,Justin Forsett,2010.0,25.0
7836,,,,,,Roscoe Parrish,2010.0,28.0
7837,,,,,,Dante Rosario,2010.0,26.0
7838,,,,,,John Carlson,2010.0,26.0
7839,,,,,,Jimmy Graham,2010.0,24.0
7840,,,,,,Fred Jackson,2010.0,29.0
7841,,,,,,David Nelson,2010.0,24.0
7842,,,,,,Brandon Stokley,2010.0,34.0
7843,,,,,,T.J. Houshmandzadeh,2010.0,33.0
7844,,,,,,Ben Obomanu,2010.0,27.0
7845,,,,,,David Thomas,2010.0,27.0
7846,,,,,,Jared Cook,2010.0,23.0
7847,,,,,,Brian Robiskie,2010.0,23.0
7848,,,,,,Pierre Thomas,2010.0,26.0
7849,,,,,,Delanie Walker,2010.0,26.0
7850,,,,,,Cedric Benson,2010.0,28.0
7851,,,,,,Bernard Berrian,2010.0,30.0
7852,,,,,,Correll Buckhalter,2010.0,32.0
7853,,,,,,Randy Moss,2010.0,33.0
7854,,,,,,Emmanuel Sanders,2010.0,23.0
7855,,,,,,Early Doucet,2010.0,25.0
7856,,,,,,Darrius Heyward-Bey,2010.0,23.0
7857,,,,,,Rashad Jennings,2010.0,25.0
7858,,,,,,Mewelde Moore,2010.0,28.0
7859,,,,,,Arrelious Benn,2010.0,22.0
7860,,,,,,Andre Caldwell,2010.0,25.0
7861,,,,,,Jacoby Ford,2010.0,23.0
7862,,,,,,Maurice Morris,2010.0,31.0
7863,,,,,,Marcel Reece,2010.0,25.0
7864,,,,,,Mike Tolbert,2010.0,25.0
7865,,,,,,Derek Hagan,2010.0,26.0
7866,,,,,,Andre Roberts,2010.0,22.0
7867,,,,,,C.J. Spiller,2010.0,23.0
7868,,,,,,Sammie Stroughter,2010.0,24.0
7869,,,,,,Brandon Tate,2010.0,23.0
7870,,,,,,Ladell Betts,2010.0,31.0
7871,,,,,,Mark Clayton,2010.0,28.0
7872,,,,,,Rashard Mendenhall,2010.0,23.0
7873,,,,,,Legedu Naanee,2010.0,27.0
7874,,,,,,Chris Chambers,2010.0,32.0
7875,,,,,,Harry Douglas,2010.0,26.0
7876,,,,,,Jacob Hester,2010.0,25.0
7877,,,,,,Marshawn Lynch,2010.0,24.0
7878,,,,,,Ryan Mathews,2010.0,23.0
7879,,,,,,Demaryius Thomas,2010.0,23.0
7880,,,,,,Craig Davis,2010.0,25.0
7881,,,,,,Fred Davis,2010.0,24.0
7882,,,,,,Jermichael Finley,2010.0,23.0
7883,,,,,,Toby Gerhart,2010.0,23.0
7884,,,,,,Tim Hightower,2010.0,24.0
7885,,,,,,Le'Ron McClain,2010.0,26.0
7886,,,,,,Dexter McCluster,2010.0,21.0
7887,,,,,,Andrew Quarless,2010.0,22.0
7888,,,,,,Golden Tate,2010.0,22.0
7889,,,,,,Danario Alexander,2010.0,24.0
7890,,,,,,Donald Brown,2010.0,23.0
7891,,,,,,Greg Camarillo,2010.0,28.0
7892,,,,,,Justin Gage,2010.0,29.0
7893,,,,,,Brian Leonard,2010.0,26.0
7894,,,,,,Randy McMichael,2010.0,31.0
7895,,,,,,Mike Sellers,2010.0,35.0
7896,,,,,,Jerome Simpson,2010.0,24.0
7897,,,,,,Chester Taylor,2010.0,31.0
7898,,,,,,Joseph Addai,2010.0,27.0
7899,,,,,,Brian Finneran,2010.0,34.0
7900,,,,,,Jeff King,2010.0,27.0
7901,,,,,,Owen Schmitt,2010.0,25.0
7902,,,,,,Ricky Williams,2010.0,33.0
7903,,,,,,Michael Bush,2010.0,26.0
7904,,,,,,Terrance Copper,2010.0,28.0
7905,,,,,,Daniel Graham,2010.0,32.0
7906,,,,,,Bryant Johnson,2010.0,29.0
7907,,,,,,Donald Jones,2010.0,23.0
7908,,,,,,Ryan Torain,2010.0,24.0
7909,,,,,,Tashard Choice,2010.0,26.0
7910,,,,,,Julius Jones,2010.0,29.0
7911,,,,,,Jim Kleinsasser,2010.0,33.0
7912,,,,,,Greg Lewis,2010.0,30.0
7913,,,,,,Sidney Rice,2010.0,24.0
7914,,,,,,Antonio Brown,2010.0,22.0
7915,,,,,,Shonn Greene,2010.0,25.0
7916,,,,,,Evan Moore,2010.0,25.0
7917,,,,,,LaRod Stephens-Howling,2010.0,23.0
7918,,,,,,Brian Westbrook,2010.0,31.0
7919,,,,,,Damian Williams,2010.0,22.0
7920,,,,,,Ahmard Hall,2010.0,31.0
7921,,,,,,John Kuhn,2010.0,28.0
7922,,,,,,Ben Patrick,2010.0,26.0
7923,,,,,,Billy Bajema,2010.0,28.0
7924,,,,,,Sam Hurd,2010.0,25.0
7925,,,,,,Vincent Jackson,2010.0,27.0
7926,,,,,,Thomas Jones,2010.0,32.0
7927,,,,,,Willis McGahee,2010.0,29.0
7928,,,,,,Seyi Ajirotutu,2010.0,23.0
7929,,,,,,Travis Beckum,2010.0,23.0
7930,,,,,,John Gilmore,2010.0,31.0
7931,,,,,,Michael Hoomanawanui,2010.0,22.0
7932,,,,,,Ovie Mughelli,2010.0,30.0
7933,,,,,,Kelley Washington,2010.0,31.0
7934,,,,,,Joey Galloway,2010.0,39.0
7935,,,,,,Ted Ginn Jr.,2010.0,25.0
7936,,,,,,BenJarvus Green-Ellis,2010.0,25.0
7937,,,,,,Jerome Harrison,2010.0,27.0
7938,,,,,,Max Komar,2010.0,23.0
7939,,,,,,Brandon Myers,2010.0,25.0
7940,,,,,,Lousaka Polite,2010.0,29.0
7941,,,,,,Jonathan Stupar,2010.0,26.0
7942,,,,,,Tyrell Sutton,2010.0,24.0
7943,,,,,,Michael Turner,2010.0,28.0
7944,,,,,,David Anderson,2010.0,27.0
7945,,,,,,Ed Dickson,2010.0,23.0
7946,,,,,,Chad Hall,2010.0,24.0
7947,,,,,,Jason Hill,2010.0,25.0
7948,,,,,,Greg Jones,2010.0,29.0
7949,,,,,,Donald Lee,2010.0,30.0
7950,,,,,,Bernard Scott,2010.0,26.0
7951,,,,,,Kevin Smith,2010.0,24.0
7952,,,,,,Craig Stevens,2010.0,26.0
7953,,,,,,DeAngelo Williams,2010.0,27.0
7954,,,,,,Devin Aromashodu,2010.0,26.0
7955,,,,,,Tim Castille,2010.0,26.0
7956,,,,,,Kenneth Darby,2010.0,28.0
7957,,,,,,Johnnie Lee Higgins,2010.0,27.0
7958,,,,,,Reggie Kelly,2010.0,33.0
7959,,,,,,Justin Peelle,2010.0,31.0
7960,,,,,,Leonard Pope,2010.0,27.0
7961,,,,,,Chris Baker,2010.0,31.0
7962,,,,,,Rashied Davis,2010.0,31.0
7963,,,,,,Clay Harbor,2010.0,23.0
7964,,,,,,Javarris James,2010.0,23.0
7965,,,,,,Cameron Morrah,2010.0,23.0
7966,,,,,,Bear Pascoe,2010.0,24.0
7967,,,,,,Isaac Redman,2010.0,26.0
7968,,,,,,Naaman Roosevelt,2010.0,23.0
7969,,,,,,Matt Spaeth,2010.0,27.0
7970,,,,,,Leon Washington,2010.0,28.0
7971,,,,,,Stephen Williams,2010.0,24.0
7972,,,,,,Dominique Zeigler,2010.0,26.0
7973,,,,,,Aaron Brown,2010.0,25.0
7974,,,,,,James Casey,2010.0,26.0
7975,,,,,,Patrick Cobbs,2010.0,27.0
7976,,,,,,Jerome Felton,2010.0,24.0
7977,,,,,,Dan Gronkowski,2010.0,25.0
7978,,,,,,Vonta Leach,2010.0,29.0
7979,,,,,,Jonathan Stewart,2010.0,23.0
7980,,,,,,Tiquan Underwood,2010.0,23.0
7981,,,,,,Roydell Williams,2010.0,29.0
7982,,,,,,Jason Wright,2010.0,28.0
7983,,,,,,Adrian Arrington,2010.0,25.0
7984,,,,,,Mike Bell,2010.0,27.0
7985,,,,,,David Clowney,2010.0,25.0
7986,,,,,,Riley Cooper,2010.0,23.0
7987,,,,,,Julian Edelman,2010.0,24.0
7988,,,,,,Heath Evans,2010.0,32.0
7989,,,,,,Chris Gronkowski,2010.0,24.0
7990,,,,,,Brandon Jacobs,2010.0,28.0
7991,,,,,,David Martin,2010.0,31.0
7992,,,,,,Ruvell Martin,2010.0,28.0
7993,,,,,,Sammy Morris,2010.0,33.0
7994,,,,,,Javon Ringer,2010.0,23.0
7995,,,,,,Stephen Spach,2010.0,28.0
7996,,,,,,Maurice Stovall,2010.0,25.0
7997,,,,,,Derrick Ward,2010.0,30.0
7998,,,,,,Danny Ware,2010.0,25.0
7999,,,,,,Dezmon Briscoe,2010.0,21.0
8000,,,,,,Alge Crumpler,2010.0,33.0
8001,,,,,,Eric Decker,2010.0,23.0
8002,,,,,,Kevin Faulk,2010.0,34.0
8003,,,,,,Mardy Gilyard,2010.0,24.0
8004,,,,,,Mike Hart,2010.0,24.0
8005,,,,,,Brandon James,2010.0,23.0
8006,,,,,,Marlon Moore,2010.0,23.0
8007,,,,,,Kassim Osgood,2010.0,30.0
8008,,,,,,Brett Swain,2010.0,25.0
8009,,,,,,Naufahu Tahi,2010.0,29.0
8010,,,,,,Verran Tucker,2010.0,22.0
8011,,,,,,Roberto Wallace,2010.0,24.0
8012,,,,,,Eric Weems,2010.0,25.0
8013,,,,,,Kris Wilson,2010.0,29.0
8014,,,,,,Ramses Barden,2010.0,24.0
8015,,,,,,LeGarrette Blount,2010.0,24.0
8016,,,,,,Lorenzo Booker,2010.0,26.0
8017,,,,,,Nate Byham,2010.0,22.0
8018,,,,,,Anthony Dixon,2010.0,23.0
8019,,,,,,Brody Eldridge,2010.0,23.0
8020,,,,,,Tony Fiammetta,2010.0,24.0
8021,,,,,,Anthony Gonzalez,2010.0,26.0
8022,,,,,,Lavelle Hawkins,2010.0,24.0
8023,,,,,,Mike Karney,2010.0,29.0
8024,,,,,,Spencer Larsen,2010.0,26.0
8025,,,,,,Brandon Manumaleuna,2010.0,30.0
8026,,,,,,Michael Palmer,2010.0,22.0
8027,,,,,,Clinton Portis,2010.0,29.0
8028,,,,,,Ryan Purvis,2010.0,24.0
8029,,,,,,Tony Richardson,2010.0,39.0
8030,,,,,,Robert Royal,2010.0,31.0
8031,,,,,,Chaz Schilens,2010.0,25.0
8032,,,,,,Beanie Wells,2010.0,22.0
8033,,,,,,Mike Cox,2010.0,25.0
8034,,,,,,Tom Crabtree,2010.0,25.0
8035,,,,,,James Davis,2010.0,24.0
8036,,,,,,Jeff Dugan,2010.0,29.0
8037,,,,,,Will Heller,2010.0,29.0
8038,,,,,,David Johnson,2010.0,23.0
8039,,,,,,Laurence Maroney,2010.0,25.0
8040,,,,,,Corey McIntyre,2010.0,31.0
8041,,,,,,Moran Norris,2010.0,32.0
8042,,,,,,Preston Parker,2010.0,23.0
8043,,,,,,Kory Sperry,2010.0,25.0
8044,,,,,,Lawrence Vickers,2010.0,27.0
8045,,,,,,Terrence Austin,2010.0,22.0
8046,,,,,,Lance Ball,2010.0,25.0
8047,,,,,,Chase Coffman,2010.0,24.0
8048,,,,,,Jim Dray,2010.0,24.0
8049,,,,,,Gartrell Johnson,2010.0,24.0
8050,,,,,,Quinn Johnson,2010.0,24.0
8051,,,,,,Deji Karim,2010.0,24.0
8052,,,,,,Joe McKnight,2010.0,22.0
8053,,,,,,Nick Miller,2010.0,23.0
8054,,,,,,Dimitri Nance,2010.0,22.0
8055,,,,,,Shawn Nelson,2010.0,25.0
8056,,,,,,Jake O'Connell,2010.0,25.0
8057,,,,,,Kevin Ogletree,2010.0,23.0
8058,,,,,,Zach Potter,2010.0,24.0
8059,,,,,,Taylor Price,2010.0,23.0
8060,,,,,,Gijon Robinson,2010.0,26.0
8061,,,,,,Steve Slaton,2010.0,24.0
8062,,,,,,Jerramy Stevens,2010.0,31.0
8063,,,,,,Derrick Williams,2010.0,24.0
8064,,,,,,Brandon Banks,2010.0,23.0
8065,,,,,,Khalif Barnes,2010.0,28.0
8066,,,,,,Michael Bennett,2010.0,32.0
8067,,,,,,Michael Clayton,2010.0,28.0
8068,,,,,,John Conner,2010.0,23.0
8069,,,,,,Quan Cosby,2010.0,28.0
8070,,,,,,Yamon Figurs,2010.0,27.0
8071,,,,,,Quinton Ganther,2010.0,26.0
8072,,,,,,Madison Hedgecock,2010.0,29.0
8073,,,,,,Dwayne Jarrett,2010.0,24.0
8074,,,,,,Reagan Maui'a,2010.0,26.0
8075,,,,,,Garrett Mills,2010.0,27.0
8076,,,,,,Fendi Onobun,2010.0,24.0
8077,,,,,,Logan Paulsen,2010.0,23.0
8078,,,,,,Mickey Shuler,2010.0,24.0
8079,,,,,,Donte' Stallworth,2010.0,30.0
8080,,,,,,James Starks,2010.0,24.0
8081,,,,,,Fred Taylor,2010.0,34.0
8082,,,,,,Keith Toston,2010.0,23.0
8083,,,,,,Patrick Turner,2010.0,23.0
8084,,,,,,Albert Young,2010.0,25.0
8085,,,,,,Sam Aiken,2010.0,30.0
8086,,,,,,Gary Banks,2010.0,29.0
8087,,,,,,Hank Baskett,2010.0,28.0
8088,,,,,,Jackie Battle,2010.0,27.0
8089,,,,,,Brock Bolen,2010.0,25.0
8090,,,,,,Eldra Buckley,2010.0,25.0
8091,,,,,,Duke Calhoun,2010.0,23.0
8092,,,,,,Rock Cartwright,2010.0,31.0
8093,,,,,,Scott Chandler,2010.0,25.0
8094,,,,,,Desmond Clark,2010.0,33.0
8095,,,,,,Jeff Cumberland,2010.0,23.0
8096,,,,,,Kevin Curtis,2010.0,32.0
8097,,,,,,Kellen Davis,2010.0,25.0
8098,,,,,,Mike Gibson,2010.0,25.0
8099,,,,,,Richard Goodman,2010.0,23.0
8100,,,,,,Korey Hall,2010.0,27.0
8101,,,,,,Ben Hartsock,2010.0,30.0
8102,,,,,,Todd Herremans,2010.0,28.0
8103,,,,,,Lex Hilliard,2010.0,26.0
8104,,,,,,Paul Hubbard,2010.0,25.0
8105,,,,,,Kareem Huggins,2010.0,24.0
8106,,,,,,Tory Humphrey,2010.0,27.0
8107,,,,,,Chris Ivory,2010.0,22.0
8108,,,,,,Manuel Johnson,2010.0,24.0
8109,,,,,,Erik Lorig,2010.0,24.0
8110,,,,,,Kregg Lumpkin,2010.0,26.0
8111,,,,,,Mike McGlynn,2010.0,25.0
8112,,,,,,Jerious Norwood,2010.0,27.0
8113,,,,,,Cedric Peerman,2010.0,24.0
8114,,,,,,Donald Penn,2010.0,27.0
8115,,,,,,Dennis Pitta,2010.0,25.0
8116,,,,,,Chris Pressley,2010.0,24.0
8117,,,,,,Richard Quinn,2010.0,24.0
8118,,,,,,Dominic Rhodes,2010.0,31.0
8119,,,,,,Mike Vrabel,2010.0,35.0
8120,,,,,,Andrew Whitworth,2010.0,29.0
8121,,,,,,Ernest Wilford,2010.0,31.0
8122,,,,,,Cary Williams,2010.0,26.0
8123,,,,,,Chris Williams,2010.0,25.0
8124,,,,,,Kyle Williams,2010.0,22.0
8125,,,,,,Matt Willis,2010.0,26.0
8126,,,,,,Darrel Young,2010.0,23.0
8127,,,,,,Wes Welker,2011.0,30.0
8128,,,,,,Roddy White,2011.0,30.0
8129,,,,,,Jimmy Graham,2011.0,25.0
8130,,,,,,Calvin Johnson,2011.0,26.0
8131,,,,,,Rob Gronkowski,2011.0,22.0
8132,,,,,,Percy Harvin,2011.0,23.0
8133,,,,,,Darren Sproles,2011.0,28.0
8134,,,,,,Brandon Pettigrew,2011.0,26.0
8135,,,,,,Victor Cruz,2011.0,25.0
8136,,,,,,Dwayne Bowe,2011.0,27.0
8137,,,,,,Brandon Marshall,2011.0,27.0
8138,,,,,,Marques Colston,2011.0,28.0
8139,,,,,,Larry Fitzgerald,2011.0,28.0
8140,,,,,,Tony Gonzalez,2011.0,35.0
8141,,,,,,Aaron Hernandez,2011.0,22.0
8142,,,,,,Steve Smith Sr.,2011.0,32.0
8143,,,,,,Jason Witten,2011.0,29.0
8144,,,,,,Steve Johnson,2011.0,25.0
8145,,,,,,Hakeem Nicks,2011.0,23.0
8146,,,,,,Reggie Wayne,2011.0,33.0
8147,,,,,,Kellen Winslow,2011.0,28.0
8148,,,,,,Nate Washington,2011.0,28.0
8149,,,,,,Nate Burleson,2011.0,30.0
8150,,,,,,Michael Crabtree,2011.0,24.0
8151,,,,,,Mike Wallace,2011.0,25.0
8152,,,,,,Pierre Garcon,2011.0,25.0
8153,,,,,,Antonio Brown,2011.0,23.0
8154,,,,,,Jabar Gaffney,2011.0,31.0
8155,,,,,,Jordy Nelson,2011.0,26.0
8156,,,,,,Vernon Davis,2011.0,27.0
8157,,,,,,Greg Jennings,2011.0,28.0
8158,,,,,,A.J. Green,2011.0,23.0
8159,,,,,,Dustin Keller,2011.0,27.0
8160,,,,,,Mike Williams,2011.0,24.0
8161,,,,,,Mike Williams,2011.0,27.0
8162,,,,,,Antonio Gates,2011.0,31.0
8163,,,,,,Darrius Heyward-Bey,2011.0,24.0
8164,,,,,,Dez Bryant,2011.0,23.0
8165,,,,,,Jeremy Maclin,2011.0,23.0
8166,,,,,,Brent Celek,2011.0,26.0
8167,,,,,,Steve Breaston,2011.0,28.0
8168,,,,,,Greg Little,2011.0,22.0
8169,,,,,,David Nelson,2011.0,25.0
8170,,,,,,Vincent Jackson,2011.0,28.0
8171,,,,,,Fred Davis,2011.0,25.0
8172,,,,,,DeSean Jackson,2011.0,25.0
8173,,,,,,Anquan Boldin,2011.0,31.0
8174,,,,,,Chris Johnson,2011.0,26.0
8175,,,,,,Jermaine Gresham,2011.0,23.0
8176,,,,,,Jermichael Finley,2011.0,24.0
8177,,,,,,Austin Collie,2011.0,26.0
8178,,,,,,Owen Daniels,2011.0,29.0
8179,,,,,,Ed Dickson,2011.0,24.0
8180,,,,,,Early Doucet,2011.0,26.0
8181,,,,,,Julio Jones,2011.0,22.0
8182,,,,,,Laurent Robinson,2011.0,26.0
8183,,,,,,Mike Tolbert,2011.0,26.0
8184,,,,,,Arian Foster,2011.0,25.0
8185,,,,,,Jason Avant,2011.0,28.0
8186,,,,,,Lance Moore,2011.0,28.0
8187,,,,,,Doug Baldwin,2011.0,23.0
8188,,,,,,Davone Bess,2011.0,26.0
8189,,,,,,Deion Branch,2011.0,32.0
8190,,,,,,Santonio Holmes,2011.0,27.0
8191,,,,,,Heath Miller,2011.0,29.0
8192,,,,,,Andre Roberts,2011.0,23.0
8193,,,,,,Ryan Mathews,2011.0,24.0
8194,,,,,,Jerome Simpson,2011.0,25.0
8195,,,,,,Torrey Smith,2011.0,22.0
8196,,,,,,Pierre Thomas,2011.0,27.0
8197,,,,,,Jared Cook,2011.0,24.0
8198,,,,,,Roy Helu,2011.0,23.0
8199,,,,,,LeSean McCoy,2011.0,23.0
8200,,,,,,Titus Young,2011.0,22.0
8201,,,,,,Lavelle Hawkins,2011.0,25.0
8202,,,,,,Jonathan Stewart,2011.0,24.0
8203,,,,,,Dexter McCluster,2011.0,22.0
8204,,,,,,Santana Moss,2011.0,32.0
8205,,,,,,Hines Ward,2011.0,35.0
8206,,,,,,Plaxico Burress,2011.0,34.0
8207,,,,,,Greg Olsen,2011.0,26.0
8208,,,,,,Damian Williams,2011.0,23.0
8209,,,,,,Mike Thomas,2011.0,24.0
8210,,,,,,Miles Austin,2011.0,27.0
8211,,,,,,Reggie Bush,2011.0,26.0
8212,,,,,,Malcom Floyd,2011.0,30.0
8213,,,,,,Maurice Jones-Drew,2011.0,26.0
8214,,,,,,Steven Jackson,2011.0,28.0
8215,,,,,,LaDainian Tomlinson,2011.0,32.0
8216,,,,,,Josh Cribbs,2011.0,28.0
8217,,,,,,Kregg Lumpkin,2011.0,27.0
8218,,,,,,Robert Meachem,2011.0,27.0
8219,,,,,,Preston Parker,2011.0,24.0
8220,,,,,,Dennis Pitta,2011.0,26.0
8221,,,,,,Harry Douglas,2011.0,27.0
8222,,,,,,Fred Jackson,2011.0,30.0
8223,,,,,,Marcedes Lewis,2011.0,27.0
8224,,,,,,Mario Manningham,2011.0,25.0
8225,,,,,,C.J. Spiller,2011.0,24.0
8226,,,,,,Kevin Walter,2011.0,30.0
8227,,,,,,Jake Ballard,2011.0,24.0
8228,,,,,,Scott Chandler,2011.0,26.0
8229,,,,,,Michael Jenkins,2011.0,29.0
8230,,,,,,James Jones,2011.0,27.0
8231,,,,,,Michael Bush,2011.0,27.0
8232,,,,,,Andre Caldwell,2011.0,26.0
8233,,,,,,Donald Driver,2011.0,36.0
8234,,,,,,Johnny Knox,2011.0,25.0
8235,,,,,,Ben Obomanu,2011.0,28.0
8236,,,,,,Jeremy Shockey,2011.0,31.0
8237,,,,,,Ben Watson,2011.0,31.0
8238,,,,,,Roy Williams,2011.0,30.0
8239,,,,,,Brandon Gibson,2011.0,24.0
8240,,,,,,Brandon LaFell,2011.0,25.0
8241,,,,,,Visanthe Shiancoe,2011.0,31.0
8242,,,,,,Dezmon Briscoe,2011.0,22.0
8243,,,,,,Brian Hartline,2011.0,25.0
8244,,,,,,Golden Tate,2011.0,23.0
8245,,,,,,Ahmad Bradshaw,2011.0,25.0
8246,,,,,,Dallas Clark,2011.0,32.0
8247,,,,,,Evan Moore,2011.0,26.0
8248,,,,,,Andre Johnson,2011.0,30.0
8249,,,,,,Felix Jones,2011.0,24.0
8250,,,,,,Denarius Moore,2011.0,23.0
8251,,,,,,Anthony Fasano,2011.0,27.0
8252,,,,,,Devery Henderson,2011.0,29.0
8253,,,,,,Jacoby Jones,2011.0,27.0
8254,,,,,,Mohamed Massaquoi,2011.0,25.0
8255,,,,,,Arrelious Benn,2011.0,23.0
8256,,,,,,Shonn Greene,2011.0,26.0
8257,,,,,,Randy McMichael,2011.0,32.0
8258,,,,,,Jarett Dillard,2011.0,26.0
8259,,,,,,James Starks,2011.0,25.0
8260,,,,,,Kevin Boss,2011.0,27.0
8261,,,,,,Joel Dreessen,2011.0,29.0
8262,,,,,,Lance Kendricks,2011.0,23.0
8263,,,,,,Javon Ringer,2011.0,24.0
8264,,,,,,Jahvid Best,2011.0,22.0
8265,,,,,,Jeff King,2011.0,28.0
8266,,,,,,Austin Pettis,2011.0,23.0
8267,,,,,,Marcel Reece,2011.0,26.0
8268,,,,,,Greg Salas,2011.0,23.0
8269,,,,,,Dane Sanzenbacher,2011.0,23.0
8270,,,,,,Danny Ware,2011.0,26.0
8271,,,,,,Danario Alexander,2011.0,25.0
8272,,,,,,Devin Aromashodu,2011.0,27.0
8273,,,,,,Earnest Graham,2011.0,31.0
8274,,,,,,Devin Hester,2011.0,29.0
8275,,,,,,Maurice Morris,2011.0,32.0
8276,,,,,,DeMarco Murray,2011.0,23.0
8277,,,,,,Kyle Rudolph,2011.0,22.0
8278,,,,,,Tony Scheffler,2011.0,28.0
8279,,,,,,Jason Snelling,2011.0,28.0
8280,,,,,,Jason Hill,2011.0,26.0
8281,,,,,,Zach Miller,2011.0,26.0
8282,,,,,,Zach Miller,2011.0,27.0
8283,,,,,,Earl Bennett,2011.0,24.0
8284,,,,,,Derek Hagan,2011.0,27.0
8285,,,,,,Todd Heap,2011.0,31.0
8286,,,,,,Leonard Pope,2011.0,28.0
8287,,,,,,Patrick Crayton,2011.0,32.0
8288,,,,,,Justin Forsett,2011.0,26.0
8289,,,,,,Toby Gerhart,2011.0,24.0
8290,,,,,,Andrew Hawkins,2011.0,25.0
8291,,,,,,Donald Jones,2011.0,24.0
8292,,,,,,Jordan Norwood,2011.0,25.0
8293,,,,,,Chris Ogbonnaya,2011.0,25.0
8294,,,,,,Chaz Schilens,2011.0,26.0
8295,,,,,,Peyton Hillis,2011.0,25.0
8296,,,,,,Brian Leonard,2011.0,27.0
8297,,,,,,Kevin Smith,2011.0,25.0
8298,,,,,,Donte' Stallworth,2011.0,31.0
8299,,,,,,Jonathan Baldwin,2011.0,22.0
8300,,,,,,Jacquizz Rodgers,2011.0,21.0
8301,,,,,,Kyle Williams,2011.0,23.0
8302,,,,,,Kahlil Bell,2011.0,25.0
8303,,,,,,Vincent Brown,2011.0,22.0
8304,,,,,,Tashard Choice,2011.0,27.0
8305,,,,,,Daniel Fells,2011.0,28.0
8306,,,,,,Jacoby Ford,2011.0,24.0
8307,,,,,,Ted Ginn Jr.,2011.0,26.0
8308,,,,,,Ryan Grant,2011.0,29.0
8309,,,,,,Derrick Mason,2011.0,37.0
8310,,,,,,Darren McFadden,2011.0,24.0
8311,,,,,,Eddie Royal,2011.0,25.0
8312,,,,,,Jacob Tamme,2011.0,26.0
8313,,,,,,Delanie Walker,2011.0,27.0
8314,,,,,,James Casey,2011.0,27.0
8315,,,,,,Kellen Davis,2011.0,26.0
8316,,,,,,Rashard Mendenhall,2011.0,24.0
8317,,,,,,Adrian Peterson,2011.0,26.0
8318,,,,,,Isaac Redman,2011.0,27.0
8319,,,,,,Matt Willis,2011.0,27.0
8320,,,,,,Danny Woodhead,2011.0,26.0
8321,,,,,,Martellus Bennett,2011.0,24.0
8322,,,,,,Kenny Britt,2011.0,23.0
8323,,,,,,Frank Gore,2011.0,28.0
8324,,,,,,Michael Turner,2011.0,29.0
8325,,,,,,Lance Ball,2011.0,26.0
8326,,,,,,Donald Brown,2011.0,24.0
8327,,,,,,Charles Clay,2011.0,22.0
8328,,,,,,Riley Cooper,2011.0,24.0
8329,,,,,,Jerricho Cotchery,2011.0,29.0
8330,,,,,,Kendall Hunter,2011.0,23.0
8331,,,,,,Brandon Myers,2011.0,26.0
8332,,,,,,Naaman Roosevelt,2011.0,24.0
8333,,,,,,DeAngelo Williams,2011.0,28.0
8334,,,,,,Joseph Addai,2011.0,28.0
8335,,,,,,Cedric Benson,2011.0,29.0
8336,,,,,,LeGarrette Blount,2011.0,25.0
8337,,,,,,Braylon Edwards,2011.0,28.0
8338,,,,,,Brandon Jacobs,2011.0,29.0
8339,,,,,,Chad Johnson,2011.0,33.0
8340,,,,,,John Kuhn,2011.0,29.0
8341,,,,,,Vonta Leach,2011.0,30.0
8342,,,,,,Josh Morgan,2011.0,26.0
8343,,,,,,Louis Murphy,2011.0,24.0
8344,,,,,,Kevin Ogletree,2011.0,24.0
8345,,,,,,John Phillips,2011.0,24.0
8346,,,,,,Darrel Young,2011.0,24.0
8347,,,,,,Montario Hardesty,2011.0,24.0
8348,,,,,,Deji Karim,2011.0,25.0
8349,,,,,,Le'Ron McClain,2011.0,27.0
8350,,,,,,Chester Taylor,2011.0,32.0
8351,,,,,,Cadillac Williams,2011.0,29.0
8352,,,,,,Leonard Hankerson,2011.0,23.0
8353,,,,,,Clay Harbor,2011.0,24.0
8354,,,,,,Anthony McCoy,2011.0,24.0
8355,,,,,,Joe McKnight,2011.0,23.0
8356,,,,,,LaRod Stephens-Howling,2011.0,24.0
8357,,,,,,Ben Tate,2011.0,23.0
8358,,,,,,Chastin West,2011.0,24.0
8359,,,,,,Ricky Williams,2011.0,34.0
8360,,,,,,Terrence Austin,2011.0,23.0
8361,,,,,,Jacob Hester,2011.0,26.0
8362,,,,,,Rob Housler,2011.0,23.0
8363,,,,,,Henry Hynoski,2011.0,23.0
8364,,,,,,David Johnson,2011.0,24.0
8365,,,,,,Willis McGahee,2011.0,30.0
8366,,,,,,Bear Pascoe,2011.0,25.0
8367,,,,,,Mike Sims-Walker,2011.0,27.0
8368,,,,,,Luke Stocker,2011.0,23.0
8369,,,,,,Daniel Thomas,2011.0,24.0
8370,,,,,,Jed Collins,2011.0,25.0
8371,,,,,,T.J. Houshmandzadeh,2011.0,34.0
8372,,,,,,Mark Ingram,2011.0,22.0
8373,,,,,,Donald Lee,2011.0,31.0
8374,,,,,,Bruce Miller,2011.0,24.0
8375,,,,,,Mewelde Moore,2011.0,29.0
8376,,,,,,Knowshon Moreno,2011.0,24.0
8377,,,,,,Logan Paulsen,2011.0,24.0
8378,,,,,,Steve Smith,2011.0,26.0
8379,,,,,,Eric Weems,2011.0,26.0
8380,,,,,,Tim Hightower,2011.0,25.0
8381,,,,,,Mossis Madu,2011.0,24.0
8382,,,,,,Michael Palmer,2011.0,23.0
8383,,,,,,Brandon Saine,2011.0,23.0
8384,,,,,,Leon Washington,2011.0,29.0
8385,,,,,,Beanie Wells,2011.0,23.0
8386,,,,,,Billy Bajema,2011.0,29.0
8387,,,,,,Ramses Barden,2011.0,25.0
8388,,,,,,Jackie Battle,2011.0,28.0
8389,,,,,,Greg Camarillo,2011.0,29.0
8390,,,,,,Keary Colbert,2011.0,29.0
8391,,,,,,Brody Eldridge,2011.0,24.0
8392,,,,,,BenJarvus Green-Ellis,2011.0,26.0
8393,,,,,,Ahmard Hall,2011.0,32.0
8394,,,,,,Spencer Larsen,2011.0,27.0
8395,,,,,,Michael Robinson,2011.0,28.0
8396,,,,,,Evan Royster,2011.0,24.0
8397,,,,,,Craig Stevens,2011.0,27.0
8398,,,,,,Lorenzo Booker,2011.0,27.0
8399,,,,,,Tyler Clutts,2011.0,27.0
8400,,,,,,Chris Cooley,2011.0,29.0
8401,,,,,,Terrance Copper,2011.0,29.0
8402,,,,,,Sam Hurd,2011.0,26.0
8403,,,,,,Anthony Sherman,2011.0,23.0
8404,,,,,,Patrick Turner,2011.0,24.0
8405,,,,,,Keiland Williams,2011.0,25.0
8406,,,,,,David Anderson,2011.0,28.0
8407,,,,,,Anthony Armstrong,2011.0,28.0
8408,,,,,,Bernard Berrian,2011.0,31.0
8409,,,,,,Curtis Brinkley,2011.0,26.0
8410,,,,,,Kevin Faulk,2011.0,35.0
8411,,,,,,Jesse Holley,2011.0,27.0
8412,,,,,,Michael Hoomanawanui,2011.0,23.0
8413,,,,,,Jeremiah Johnson,2011.0,24.0
8414,,,,,,Ruvell Martin,2011.0,29.0
8415,,,,,,Jake O'Connell,2011.0,26.0
8416,,,,,,Dante Rosario,2011.0,27.0
8417,,,,,,Matt Spaeth,2011.0,28.0
8418,,,,,,Deon Butler,2011.0,25.0
8419,,,,,,Jordan Cameron,2011.0,23.0
8420,,,,,,Tom Crabtree,2011.0,26.0
8421,,,,,,Will Heller,2011.0,30.0
8422,,,,,,Bryant Johnson,2011.0,30.0
8423,,,,,,Erik Lorig,2011.0,25.0
8424,,,,,,Cameron Morrah,2011.0,24.0
8425,,,,,,Ryan Torain,2011.0,25.0
8426,,,,,,Danny Amendola,2011.0,26.0
8427,,,,,,Marion Barber III,2011.0,28.0
8428,,,,,,Travis Beckum,2011.0,24.0
8429,,,,,,Delone Carter,2011.0,24.0
8430,,,,,,Mike Caussin,2011.0,24.0
8431,,,,,,Jamaal Charles,2011.0,25.0
8432,,,,,,Colin Cochart,2011.0,24.0
8433,,,,,,Lex Hilliard,2011.0,27.0
8434,,,,,,Thomas Jones,2011.0,33.0
8435,,,,,,Owen Marecic,2011.0,23.0
8436,,,,,,Marc Mariani,2011.0,24.0
8437,,,,,,Sammy Morris,2011.0,34.0
8438,,,,,,Matthew Mulligan,2011.0,26.0
8439,,,,,,Kassim Osgood,2011.0,31.0
8440,,,,,,Zach Potter,2011.0,25.0
8441,,,,,,David Thomas,2011.0,28.0
8442,,,,,,Rock Cartwright,2011.0,32.0
8443,,,,,,Colin Cloherty,2011.0,24.0
8444,,,,,,Rashied Davis,2011.0,32.0
8445,,,,,,Julian Edelman,2011.0,25.0
8446,,,,,,Lee Evans,2011.0,30.0
8447,,,,,,Jerome Felton,2011.0,25.0
8448,,,,,,Jamie Harper,2011.0,22.0
8449,,,,,,Domenik Hixon,2011.0,27.0
8450,,,,,,Greg Jones,2011.0,30.0
8451,,,,,,Ovie Mughelli,2011.0,31.0
8452,,,,,,Zack Pianalto,2011.0,22.0
8453,,,,,,Weslye Saunders,2011.0,22.0
8454,,,,,,Jordan Shipley,2011.0,26.0
8455,,,,,,Lee Smith,2011.0,24.0
8456,,,,,,Sammie Stroughter,2011.0,25.0
8457,,,,,,Chansi Stuckey,2011.0,28.0
8458,,,,,,Jerheme Urban,2011.0,31.0
8459,,,,,,Lawrence Vickers,2011.0,28.0
8460,,,,,,Ryan Whalen,2011.0,22.0
8461,,,,,,LaQuan Williams,2011.0,23.0
8462,,,,,,Donnie Avery,2011.0,27.0
8463,,,,,,Josh Baker,2011.0,25.0
8464,,,,,,Anthony Becht,2011.0,34.0
8465,,,,,,Richie Brockel,2011.0,25.0
8466,,,,,,Mark Clayton,2011.0,29.0
8467,,,,,,Kris Durham,2011.0,23.0
8468,,,,,,Tony Fiammetta,2011.0,25.0
8469,,,,,,John Gilmore,2011.0,32.0
8470,,,,,,Virgil Green,2011.0,23.0
8471,,,,,,Chad Hall,2011.0,25.0
8472,,,,,,Quinn Johnson,2011.0,25.0
8473,,,,,,Brit Miller,2011.0,25.0
8474,,,,,,Carlton Mitchell,2011.0,23.0
8475,,,,,,Chris Pressley,2011.0,25.0
8476,,,,,,Andrew Quarless,2011.0,23.0
8477,,,,,,Stevan Ridley,2011.0,22.0
8478,,,,,,Brian Robiskie,2011.0,24.0
8479,,,,,,DeMarco Sampson,2011.0,26.0
8480,,,,,,Owen Schmitt,2011.0,26.0
8481,,,,,,Steve Slaton,2011.0,25.0
8482,,,,,,Alfonso Smith,2011.0,24.0
8483,,,,,,Devin Thomas,2011.0,25.0
8484,,,,,,Manase Tonga,2011.0,27.0
8485,,,,,,Tiquan Underwood,2011.0,24.0
8486,,,,,,Bryan Walters,2011.0,24.0
8487,,,,,,Adrian Arrington,2011.0,26.0
8488,,,,,,David Ausberry,2011.0,24.0
8489,,,,,,Brock Bolen,2011.0,26.0
8490,,,,,,Kevin Brock,2011.0,25.0
8491,,,,,,Stephen Burton,2011.0,22.0
8492,,,,,,John Conner,2011.0,24.0
8493,,,,,,Mike Cox,2011.0,26.0
8494,,,,,,Jeff Cumberland,2011.0,24.0
8495,,,,,,Ryan D'Imperio,2011.0,24.0
8496,,,,,,Jim Dray,2011.0,25.0
8497,,,,,,Clyde Gates,2011.0,25.0
8498,,,,,,Daniel Graham,2011.0,33.0
8499,,,,,,Anthony Hill,2011.0,26.0
8500,,,,,,Taiwan Jones,2011.0,23.0
8501,,,,,,Ricardo Lockette,2011.0,25.0
8502,,,,,,Montell Owens,2011.0,27.0
8503,,,,,,Niles Paul,2011.0,22.0
8504,,,,,,Taylor Price,2011.0,24.0
8505,,,,,,Da'Rel Scott,2011.0,23.0
8506,,,,,,Cecil Shorts,2011.0,24.0
8507,,,,,,Stephen Spach,2011.0,29.0
8508,,,,,,Brett Swain,2011.0,26.0
8509,,,,,,Phillip Tanner,2011.0,23.0
8510,,,,,,Chauncey Washington,2011.0,26.0
8511,,,,,,D.J. Williams,2011.0,23.0
8512,,,,,,Seyi Ajirotutu,2011.0,24.0
8513,,,,,,Eugene Amano,2011.0,29.0
8514,,,,,,Emmanuel Arceneaux,2011.0,24.0
8515,,,,,,Aaron Brown,2011.0,26.0
8516,,,,,,Shaun Chapas,2011.0,23.0
8517,,,,,,Thomas Clayton,2011.0,27.0
8518,,,,,,Anthony Dixon,2011.0,24.0
8519,,,,,,Jonathan Dwyer,2011.0,22.0
8520,,,,,,Mike Goodson,2011.0,24.0
8521,,,,,,Richard Gordon,2011.0,24.0
8522,,,,,,Garrett Graham,2011.0,25.0
8523,,,,,,Alex Green,2011.0,23.0
8524,,,,,,DuJuan Harris,2011.0,23.0
8525,,,,,,Jerome Harrison,2011.0,28.0
8526,,,,,,Michael Higgins,2011.0,24.0
8527,,,,,,Reggie Kelly,2011.0,34.0
8528,,,,,,Jim Kleinsasser,2011.0,34.0
8529,,,,,,Dion Lewis,2011.0,21.0
8530,,,,,,Stefan Logan,2011.0,30.0
8531,,,,,,Ryan Mahaffey,2011.0,24.0
8532,,,,,,Steve Maneri,2011.0,23.0
8533,,,,,,Jeron Mastrud,2011.0,24.0
8534,,,,,,Reagan Maui'a,2011.0,27.0
8535,,,,,,Corey McIntyre,2011.0,32.0
8536,,,,,,Nick Miller,2011.0,24.0
8537,,,,,,Ryan Mundy,2011.0,26.0
8538,,,,,,Roscoe Parrish,2011.0,29.0
8539,,,,,,Justin Peelle,2011.0,32.0
8540,,,,,,Patrick Peterson,2011.0,21.0
8541,,,,,,Bilal Powell,2011.0,23.0
8542,,,,,,Allen Reisner,2011.0,23.0
8543,,,,,,Mike Sellers,2011.0,36.0
8544,,,,,,Matthew Slater,2011.0,26.0
8545,,,,,,Matt Slauson,2011.0,25.0
8546,,,,,,Isaac Sopoaga,2011.0,30.0
8547,,,,,,Kory Sperry,2011.0,26.0
8548,,,,,,Joe Staley,2011.0,27.0
8549,,,,,,Brandon Stokley,2011.0,35.0
8550,,,,,,Maurice Stovall,2011.0,26.0
8551,,,,,,Ryan Taylor,2011.0,24.0
8552,,,,,,Julius Thomas,2011.0,23.0
8553,,,,,,Guy Whimper,2011.0,28.0
8554,,,,,,Johnny White,2011.0,23.0
8555,,,,,,Eddie Williams,2011.0,24.0
8556,,,,,,Steve Johnson,2012.0,26.0
8557,,,,,,Steve Smith Sr.,2012.0,33.0
8558,,,,,,Ben Watson,2012.0,32.0
8559,,,,,,Emmanuel Sanders,2012.0,25.0
8560,,,,,,Alex Green,2012.0,24.0
8561,,,,,,Clyde Gates,2012.0,26.0
8562,,,,,,Steve Smith,2012.0,27.0
8563,,,,,,Danny Ware,2012.0,27.0
8564,,,,,,Joe Morgan,2012.0,24.0
8565,,,,,,Josh Cribbs,2012.0,29.0
8566,,,,,,Lestar Jean,2012.0,24.0
8567,,,,,,Patrick Peterson,2012.0,22.0
8568,,,,,,Guy Whimper,2012.0,29.0
8569,,,,,,Nick Bellore,2012.0,23.0
8570,,,,,,Jeromey Clary,2012.0,29.0
8571,,,,,,Antonio Cromartie,2012.0,28.0
8572,,,,,,Mike Johnson,2012.0,25.0
8573,,,,,,Senio Kelemete,2012.0,22.0
8574,,,,,,Lance Louis,2012.0,27.0
8575,,,,,,Rodney McLeod,2012.0,22.0
8576,,,,,,Mitch Unrein,2012.0,25.0
8577,,,,,,Emmanuel Sanders,2013.0,26.0
8578,,,,,,Steve Smith Sr.,2013.0,34.0
8579,,,,,,Tim Wright,2013.0,23.0
8580,,,,,,Steve Johnson,2013.0,27.0
8581,,,,,,Ben Watson,2013.0,33.0
8582,,,,,,Clyde Gates,2013.0,27.0
8583,,,,,,Lestar Jean,2013.0,25.0
8584,,,,,,David Johnson,2013.0,26.0
8585,,,,,,Alex Green,2013.0,25.0
8586,,,,,,Chimdi Chekwa,2013.0,25.0
8587,,,,,,Kyle Long,2013.0,25.0
8588,,,,,,Brad Meester,2013.0,36.0
8589,,,,,,Donald Penn,2013.0,30.0
8590,,,,,,Samson Satele,2013.0,29.0
8591,,,,,,Joe Staley,2013.0,29.0
8592,,,,,,Teddy Williams,2013.0,25.0
8593,,,,,,Emmanuel Sanders,2014.0,27.0
8594,,,,,,Steve Smith Sr.,2014.0,35.0
8595,,,,,,Steve Johnson,2014.0,28.0
8596,,,,,,Tim Wright,2014.0,24.0
8597,,,,,,Corey Brown,2014.0,23.0
8598,,,,,,Ben Watson,2014.0,34.0
8599,,,,,,Joe Morgan,2014.0,26.0
8600,,,,,,Gator Hoskins,2014.0,23.0
8601,,,,,,J.J. Watt,2014.0,25.0
8602,,,,,,Gabe Jackson,2014.0,23.0
8603,,,,,,Isa Abdul-Quddus,2014.0,25.0
8604,,,,,,Khalif Barnes,2014.0,32.0
8605,,,,,,Antwon Blake,2014.0,24.0
8606,,,,,,Anthony Castonzo,2014.0,26.0
8607,,,,,,Josh Cribbs,2014.0,31.0
8608,,,,,,David Johnson,2014.0,27.0
8609,,,,,,Karl Klug,2014.0,26.0
8610,,,,,,Donald Penn,2014.0,31.0
8611,,,,,,Maurkice Pouncey,2014.0,25.0
8612,,,,,,Brian Schwenke,2014.0,23.0
8613,,,,,,Emmanuel Sanders,2015.0,28.0
8614,,,,,,Ben Watson,2015.0,35.0
8615,,,,,,Steve Smith Sr.,2015.0,36.0
8616,,,,,,Steve Johnson,2015.0,29.0
8617,,,,,,David Johnson,2015.0,24.0
8618,,,,,,David Johnson,2015.0,28.0
8619,,,,,,Corey Brown,2015.0,24.0
8620,,,,,,JJ Nelson,2015.0,23.0
8621,,,,,,Tim Wright,2015.0,25.0
8622,,,,,,Tyson Alualu,2015.0,28.0
8623,,,,,,Cody Davis,2015.0,26.0
8624,,,,,,Jake Fisher,2015.0,22.0
8625,,,,,,Ereck Flowers,2015.0,21.0
8626,,,,,,Mike Iupati,2015.0,28.0
8627,,,,,,Wesley Johnson,2015.0,24.0
8628,,,,,,Kendall Lamm,2015.0,23.0
8629,,,,,,Donald Penn,2015.0,32.0
8630,,,,,,David Johnson,2016.0,25.0
8631,,,,,,David Johnson,2016.0,29.0
8632,,,,,,Emmanuel Sanders,2016.0,29.0
8633,,,,,,Steve Smith Sr.,2016.0,37.0
8634,,,,,,JJ Nelson,2016.0,24.0
8635,,,,,,Corey Brown,2016.0,25.0
8636,,,,,,Walt Powell,2016.0,25.0
8637,,,,,,Robert Kelley,2016.0,24.0
8638,,,,,,Danny Vitale,2016.0,23.0
8639,,,,,,Quinton Dunbar,2016.0,24.0
8640,,,,,,Jake Fisher,2016.0,23.0
8641,,,,,,Henry Krieger-Coble,2016.0,24.0
8642,,,,,,Taylor Lewan ,2016.0,25.0
8643,,,,,,Donald Penn,2016.0,33.0
8644,,,,,,Ben Watson,2017.0,37.0
8645,,,,,,Emmanuel Sanders,2017.0,30.0
8646,,,,,,JJ Nelson,2017.0,25.0
8647,,,,,,David Johnson,2017.0,26.0
8648,,,,,,Matthew Dayes,2017.0,23.0
8649,,,,,,Robert Kelley,2017.0,25.0
8650,,,,,,Danny Vitale,2017.0,24.0
8651,,,,,,Jojo Natson,2017.0,23.0
8652,,,,,,Nick Bellore,2017.0,28.0
8653,,,,,,Brian Mihalik,2017.0,25.0
8654,,,,,,Leonard Wester,2017.0,24.0
8655,,,,,,Marcus Williams,2017.0,26.0
8656,,,,,,Bobo Wilson,2017.0,22.0
8657,,,,,,Kevin Zeitler,2017.0,27.0
8658,,,,,,David Johnson,2018.0,27.0
8659,,,,,,Chris Herndon,2018.0,22.0
8660,,,,,,Ben Watson,2018.0,38.0
8661,,,,,,DJ Chark,2018.0,22.0
8662,,,,,,Jeff Wilson,2018.0,23.0
8663,,,,,,JJ Nelson,2018.0,26.0
8664,,,,,,Ray-Ray McCloud,2018.0,22.0
8665,,,,,,Nick Bellore,2018.0,29.0
8666,,,,,,Bobo Wilson,2018.0,23.0
8667,,,,,,KhaDarel Hodge,2018.0,23.0
8668,,,,,,Dane Cruikshank,2018.0,23.0
8669,,,,,,Dion Dawkins,2018.0,24.0
8670,,,,,,Taylor Decker,2018.0,25.0
8671,,,,,,George Fant,2018.0,26.0
8672,,,,,,Justin Hardee,2018.0,24.0
8673,,,,,,JJ Jones,2018.0,26.0
8674,,,,,,Ryan Kelly,2018.0,25.0
8675,,,,,,Johnny Mundt,2018.0,24.0
8676,,,,,,Spencer Pulley,2018.0,25.0
8677,,,,,,Sam Shields,2018.0,31.0
8678,,,,,,Bradley Sowell,2018.0,29.0
8679,,,,,,Joe Staley,2018.0,34.0
8680,,,,,,Alejandro Villanueva,2018.0,30.0
8681,,,,,,Danny Vitale,2018.0,25.0
8682,,,,,,Kyle Williams,2018.0,35.0
8683,,,,,,DJ Chark,2019.0,23.0
8684,,,,,,David Johnson,2019.0,28.0
8685,,,,,,Irv Smith Jr.,2019.0,21.0
8686,,,,,,Derrick Henry ,2019.0,25.0
8687,,,,,,Ben Watson,2019.0,39.0
8688,,,,,,Duke Williams,2019.0,27.0
8689,,,,,,JJ Arcega-Whiteside,2019.0,23.0
8690,,,,,,Danny Vitale,2019.0,26.0
8691,,,,,,Cedrick Wilson Jr.,2019.0,24.0
8692,,,,,,KhaDarel Hodge,2019.0,24.0
8693,,,,,,Johnny Mundt,2019.0,25.0
8694,,,,,,JJ Nelson,2019.0,27.0
8695,,,,,,Stanley Morgan Jr.,2019.0,23.0
8696,,,,,,Benny Snell Jr.,2019.0,21.0
8697,,,,,,Bobo Wilson,2019.0,24.0
8698,,,,,,Jeff Wilson,2019.0,24.0
8699,,,,,,Nick Bellore,2019.0,30.0
8700,,,,,,Garrett Bradbury,2019.0,24.0
8701,,,,,,Kevin Byard,2019.0,26.0
8702,,,,,,Cody Davis,2019.0,30.0
8703,,,,,,Dion Dawkins,2019.0,25.0
8704,,,,,,Michael Deiter,2019.0,23.0
8705,,,,,,Chris Herndon,2019.0,23.0
8706,,,,,,Dennis Kelly,2019.0,29.0
8707,,,,,,Kaleb McGary,2019.0,24.0
8708,,,,,,David Quessenberry,2019.0,29.0
8709,,,,,,Elandon Roberts,2019.0,25.0
8710,,,,,,Ty Sambrailo,2019.0,27.0
8711,,,,,,Nick Scott,2019.0,24.0
8712,,,,,,Wyatt Teller,2019.0,25.0
8713,,,,,,Vita Vea,2019.0,24.0
8714,,,,,,Kerrith Whyte Jr,2019.0,23.0
8715,,,,,,Christian Wilkins,2019.0,24.0
8716,,,,,,Emmanuel Sanders,2020.0,33.0
8717,,,,,,Laviska Shenault Jr.,2020.0,22.0
8718,,,,,,DJ Chark,2020.0,24.0
8719,,,,,,Michael Pittman Jr.,2020.0,23.0
8720,,,,,,David Johnson,2020.0,29.0
8721,,,,,,Chris Herndon,2020.0,24.0
8722,,,,,,Irv Smith Jr.,2020.0,22.0
8723,,,,,,Henry Ruggs III,2020.0,21.0
8724,,,,,,Ray-Ray McCloud,2020.0,24.0
8725,,,,,,Derrick Henry ,2020.0,26.0
8726,,,,,,Jeff Wilson,2020.0,25.0
8727,,,,,,KhaDarel Hodge,2020.0,25.0
8728,,,,,,La'Mical Perine,2020.0,22.0
8729,,,,,,De'Michael Harris,2020.0,22.0
8730,,,,,,Benny Snell Jr.,2020.0,22.0
8731,,,,,,Jamycal Hasty,2020.0,24.0
8732,,,,,,Anthony McFarland Jr.,2020.0,21.0
8733,,,,,,JJ Arcega-Whiteside,2020.0,24.0
8734,,,,,,Johnny Mundt,2020.0,26.0
8735,,,,,,Nick Westbrook-Ikhine,2020.0,23.0
8736,,,,,,Nick Bellore,2020.0,31.0
8737,,,,,,Eric Fisher,2020.0,29.0
8738,,,,,,Buddy Howell,2020.0,24.0
8739,,,,,,Kendall Lamm,2020.0,28.0
8740,,,,,,Bobby Massie,2020.0,31.0
8741,,,,,,Siran Neal,2020.0,26.0
8742,,,,,,Zeke Turner,2020.0,24.0
8743,,,,,,Michael Pittman Jr.,2021.0,24.0
8744,,,,,,Laviska Shenault Jr.,2021.0,23.0
8745,,,,,,Emmanuel Sanders,2021.0,34.0
8746,,,,,,Ray-Ray McCloud,2021.0,25.0
8747,,,,,,Nick Westbrook-Ikhine,2021.0,24.0
8748,,,,,,Kenneth Gainwell,2021.0,22.0
8749,,,,,,David Johnson,2021.0,30.0
8750,,,,,,Henry Ruggs III,2021.0,22.0
8751,,,,,,Jamycal Hasty,2021.0,25.0
8752,,,,,,Terrace Marshall Jr.,2021.0,21.0
8753,,,,,,KhaDarel Hodge,2021.0,26.0
8754,,,,,,Ben Skowronek,2021.0,24.0
8755,,,,,,DJ Chark,2021.0,25.0
8756,,,,,,Jeff Wilson,2021.0,26.0
8757,,,,,,Chris Herndon,2021.0,25.0
8758,,,,,,Cam Akers,2021.0,22.0
8759,,,,,,Tyree Jackson,2021.0,24.0
8760,,,,,,Mitchell Wilcox,2021.0,25.0
8761,,,,,,JJ Arcega-Whiteside,2021.0,25.0
8762,,,,,,Taylor Decker,2021.0,28.0
8763,,,,,,Stanley Morgan Jr.,2021.0,25.0
8764,,,,,,Richard Rodgers,2021.0,29.0
8765,,,,,,C.J. Saunders,2021.0,25.0
8766,,,,,,Benny Snell Jr.,2021.0,23.0
8767,,,,,,Trent Taylor,2021.0,27.0
8768,,,,,,Nick Bellore,2021.0,32.0
8769,,,,,,Tarik Black,2021.0,23.0
8770,,,,,,Garrett Bradbury,2021.0,26.0
8771,,,,,,Amani Hooker,2021.0,23.0
8772,,,,,,Lane Johnson,2021.0,31.0
8773,,,,,,Conor McDermott,2021.0,29.0
8774,,,,,,Anthony McFarland Jr.,2021.0,22.0
8775,,,,,,Johnny Mundt,2021.0,27.0
8776,,,,,,Danny Pinter,2021.0,25.0
8777,,,,,,Bobby Price,2021.0,23.0
8778,,,,,,Mike Remmers,2021.0,32.0
8779,,,,,,Terence Steele,2021.0,24.0
8780,,,,,,Andrew Thomas,2021.0,22.0
8781,,,,,,Christian Wilkins,2021.0,26.0
8782,,,,,,Jonathan Dwyer,2010.0,21.0
8783,,,,,,Ryan Grant,2010.0,28.0
8784,,,,,,Thomas Clayton,2010.0,26.0
8785,,,,,,Larry Johnson,2010.0,31.0
8786,,,,,,Garrett Wolfe,2010.0,26.0
8787,,,,,,Sage Rosenfels,2010.0,32.0
8788,,,,,,Josh Vaughan,2010.0,24.0
8789,,,,,,Curtis Brinkley,2010.0,25.0
8790,,,,,,Andre Brown,2010.0,24.0
8791,,,,,,Devin Moore,2010.0,25.0
8792,,,,,,Brian Moorman,2010.0,34.0
8793,,,,,,Javier Arenas,2010.0,23.0
8794,,,,,,Jason Baker,2010.0,32.0
8795,,,,,,Josh Bidwell,2010.0,34.0
8796,,,,,,Jehuu Caulcrick,2010.0,27.0
8797,,,,,,Britton Colquitt,2010.0,25.0
8798,,,,,,Matt Dodge,2010.0,23.0
8799,,,,,,Jay Feely,2010.0,34.0
8800,,,,,,Reggie Hodges,2010.0,28.0
8801,,,,,,Brett Kern,2010.0,24.0
8802,,,,,,Mat McBriar,2010.0,31.0
8803,,,,,,Carlton Mitchell,2010.0,22.0
8804,,,,,,David Reed,2010.0,23.0
8805,,,,,,Jon Ryan,2010.0,29.0
8806,,,,,,Samson Satele,2010.0,26.0
8807,,,,,,Jordan Senn,2010.0,26.0
8808,,,,,,Antone Smith,2010.0,25.0
8809,,,,,,Shaun Smith,2010.0,29.0
8810,,,,,,Matt Turk,2010.0,42.0
8811,,,,,,Steve Weatherford,2010.0,28.0
8812,,,,,,Leonard Weaver,2010.0,28.0
8813,,,,,,Chris Ivory,2011.0,23.0
8814,,,,,,Derrick Ward,2011.0,31.0
8815,,,,,,Ronnie Brown,2011.0,30.0
8816,,,,,,Armando Allen,2011.0,22.0
8817,,,,,,Shane Vereen,2011.0,22.0
8818,,,,,,John Clay,2011.0,23.0
8819,,,,,,Josh Vaughan,2011.0,25.0
8820,,,,,,Allen Bradford,2011.0,23.0
8821,,,,,,Billy Volek,2011.0,35.0
8822,,,,,,Anthony Allen,2011.0,23.0
8823,,,,,,Javier Arenas,2011.0,24.0
8824,,,,,,Cedric Peerman,2011.0,25.0
8825,,,,,,Armond Smith,2011.0,25.0
8826,,,,,,Derek Anderson,2011.0,28.0
8827,,,,,,Chris Kluwe,2011.0,30.0
8828,,,,,,Dustin Colquitt,2011.0,29.0
8829,,,,,,Antonio Cromartie,2011.0,27.0
8830,,,,,,Nick Harris,2011.0,33.0
8831,,,,,,Jeremy Horne,2011.0,25.0
8832,,,,,,Larry Johnson,2011.0,32.0
8833,,,,,,Donnie Jones,2011.0,31.0
8834,,,,,,Brett Kern,2011.0,25.0
8835,,,,,,Andy Lee,2011.0,29.0
8836,,,,,,Tim Masthay,2011.0,24.0
8837,,,,,,B.J. Raji,2011.0,25.0
8838,,,,,,David Reed,2011.0,24.0
8839,,,,,,Matt Turk,2011.0,43.0
8840,,,,,,Steve Weatherford,2011.0,29.0
8841,,,,,,Eric Weddle,2011.0,26.0
8842,,,,,,George Wilson,2011.0,30.0
8843,,,,,,Rashad Johnson,2012.0,26.0
8844,,,,,,Sam Koch,2012.0,30.0
8845,,,,,,Eric Weddle,2012.0,27.0
8846,,,,,,Jordan Babineaux,2012.0,30.0
8847,,,,,,Chris Clemons,2012.0,27.0
8848,,,,,,Sean Considine,2012.0,30.0
8849,,,,,,Dashon Goldson,2012.0,28.0
8850,,,,,,Kevin Huber,2012.0,27.0
8851,,,,,,Haruki Nakamura,2012.0,26.0
8852,,,,,,Keith Tandy,2012.0,23.0
8853,,,,,,Raymond Ventrone,2012.0,30.0
8854,,,,,,Sheldon Richardson,2013.0,23.0
8855,,,,,,Brett Kern,2013.0,27.0
8856,,,,,,Sam Martin,2013.0,23.0
8857,,,,,,Eric Weddle,2013.0,28.0
8858,,,,,,Bryan Anger,2013.0,25.0
8859,,,,,,Josh Aubrey,2013.0,22.0
8860,,,,,,David Bruton,2013.0,26.0
8861,,,,,,Brandon Fields,2013.0,29.0
8862,,,,,,Matt Giordano,2013.0,31.0
8863,,,,,,Dashon Goldson,2013.0,29.0
8864,,,,,,Kevin Huber,2013.0,28.0
8865,,,,,,M.D. Jennings,2013.0,25.0
8866,,,,,,Shiloh Keo,2013.0,26.0
8867,,,,,,Corey Lynch,2013.0,28.0
8868,,,,,,Chris Maragos,2013.0,26.0
8869,,,,,,Steve Weatherford,2013.0,31.0
8870,,,,,,David Bruton,2014.0,27.0
8871,,,,,,Craig Dahl,2014.0,29.0
8872,,,,,,Danny McCray,2014.0,26.0
8873,,,,,,Pat O'Donnell,2014.0,23.0
8874,,,,,,De'Andre Presley,2014.0,24.0
8875,,,,,,Andrew Sendejo,2014.0,27.0
8876,,,,,,Tress Way,2014.0,24.0
8877,,,,,,Steve Weatherford,2014.0,32.0
8878,,,,,,Isa Abdul-Quddus,2015.0,26.0
8879,,,,,,Colt Anderson,2015.0,30.0
8880,,,,,,Jeff Heath,2015.0,24.0
8881,,,,,,Anthony Levine,2015.0,28.0
8882,,,,,,Jeff Locke,2015.0,26.0
8883,,,,,,Tim Masthay,2015.0,28.0
8884,,,,,,Pat McAfee,2015.0,28.0
8885,,,,,,Brad Nortman,2015.0,26.0
8886,,,,,,Dontari Poe,2015.0,25.0
8887,,,,,,Jordan Poyer,2015.0,24.0
8888,,,,,,Joe Reitz,2015.0,30.0
8889,,,,,,Colton Schmidt,2015.0,25.0
8890,,,,,,Charles Woodson,2015.0,39.0
8891,,,,,,George Atkinson,2016.0,24.0
8892,,,,,,Marquette King,2016.0,28.0
8893,,,,,,Sam Koch,2016.0,34.0
8894,,,,,,Jordan Berry,2016.0,25.0
8895,,,,,,Antwon Blake,2016.0,26.0
8896,,,,,,Drew Butler,2016.0,27.0
8897,,,,,,Matt Darr,2016.0,24.0
8898,,,,,,Lac Edwards,2016.0,24.0
8899,,,,,,Chris Jones,2016.0,27.0
8900,,,,,,Donnie Jones,2016.0,36.0
8901,,,,,,Drew Kaser,2016.0,23.0
8902,,,,,,Chris Prosinski,2016.0,29.0
8903,,,,,,Colton Schmidt,2016.0,26.0
8904,,,,,,Matthew Slater,2016.0,31.0
8905,,,,,,Adoree' Jackson,2017.0,22.0
8906,,,,,,Marquette King,2017.0,29.0
8907,,,,,,Nat Berhe,2017.0,26.0
8908,,,,,,Matthew Bosher,2017.0,30.0
8909,,,,,,Nate Ebner,2017.0,29.0
8910,,,,,,Chris Jones,2017.0,28.0
8911,,,,,,Kasey Redfern,2017.0,26.0
8912,,,,,,Jermaine Whitehead,2017.0,24.0
8913,,,,,,Kyle Williams,2017.0,34.0
8914,,,,,,Robert Kelley,2018.0,26.0
8915,,,,,,Clayton Fejedelem,2018.0,25.0
8916,,,,,,Jourdan Lewis,2018.0,23.0
8917,,,,,,Michael Dickson,2018.0,22.0
8918,,,,,,Riley Dixon,2018.0,25.0
8919,,,,,,Raven Greene,2018.0,23.0
8920,,,,,,Jeff Heath,2018.0,27.0
8921,,,,,,Akiem Hicks,2018.0,29.0
8922,,,,,,Melvin Ingram,2018.0,29.0
8923,,,,,,Rontez Miles,2018.0,30.0
8924,,,,,,Johnny Townsend,2018.0,23.0
8925,,,,,,Tavon Wilson,2018.0,28.0
8926,,,,,,Buddy Howell,2019.0,23.0
8927,,,,,,Jordan Berry,2019.0,28.0
8928,,,,,,Anthony Levine,2019.0,32.0
8929,,,,,,Bryan Anger,2019.0,31.0
8930,,,,,,John Franklin,2019.0,25.0
8931,,,,,,Erik Harris,2019.0,29.0
8932,,,,,,Colin Jones,2019.0,32.0
8933,,,,,,Quenton Nelson,2019.0,23.0
8934,,,,,,Jeremy Chinn,2020.0,22.0
8935,,,,,,Clayton Fejedelem,2020.0,27.0
8936,,,,,,Myles Hartsfield,2020.0,23.0
8937,,,,,,Shawn Williams,2020.0,29.0
8938,,,,,,AJ Cole III,2020.0,25.0
8939,,,,,,Jamie Gillan,2020.0,23.0
8940,,,,,,Jeff Heath,2020.0,29.0
8941,,,,,,Amani Hooker,2020.0,22.0
8942,,,,,,Ty Long,2020.0,27.0
8943,,,,,,Sam Martin,2020.0,30.0
8944,,,,,,Barkevious Mingo,2020.0,30.0
8945,,,,,,C.J. Moore,2020.0,25.0
8946,,,,,,Jojo Natson,2020.0,26.0
8947,,,,,,Sharrod Neasman,2020.0,29.0
8948,,,,,,Matt Skura,2020.0,27.0
8949,,,,,,Darian Thompson,2020.0,27.0
8950,,,,,,Jason Huntley,2021.0,23.0
8951,,,,,,La'Mical Perine,2021.0,23.0
8952,,,,,,Buddy Howell,2021.0,25.0
8953,,,,,,Kenjon Barner,2021.0,32.0
8954,,,,,,Dallin Leavitt,2021.0,27.0
8955,,,,,,Alex Bachman,2021.0,25.0
8956,,,,,,Sean Chandler,2021.0,25.0
8957,,,,,,Nathan Cottrell,2021.0,25.0
8958,,,,,,Clayton Fejedelem,2021.0,28.0
8959,,,,,,Jamie Gillan,2021.0,24.0
8960,,,,,,Andy Lee,2021.0,39.0
8961,,,,,,Braden Mann,2021.0,24.0
8962,,,,,,C.J. Moore,2021.0,26.0
8963,,,,,,Michael Palardy,2021.0,29.0
8964,,,,,,Ito Smith,2021.0,26.0
8965,,,,,,Tremon Smith,2021.0,25.0
8966,,,,,,Andrew Wingard,2021.0,25.0
8967,,,,,,Sebastian Janikowski,2010.0,32.0
8968,,,,,,Dan Carpenter,2010.0,25.0
8969,,,,,,Josh Brown,2010.0,31.0
8970,,,,,,Nick Folk,2010.0,26.0
8971,,,,,,David Akers,2010.0,36.0
8972,,,,,,Graham Gano,2010.0,23.0
8973,,,,,,David Buehler,2010.0,23.0
8974,,,,,,Jeff Reed,2010.0,31.0
8975,,,,,,Matt Bryant,2010.0,35.0
8976,,,,,,Robbie Gould,2010.0,28.0
8977,,,,,,Olindo Mare,2010.0,37.0
8978,,,,,,Neil Rackers,2010.0,34.0
8979,,,,,,Billy Cundiff,2010.0,30.0
8980,,,,,,John Kasay,2010.0,41.0
8981,,,,,,Connor Barth,2010.0,24.0
8982,,,,,,Mason Crosby,2010.0,26.0
8983,,,,,,Phil Dawson,2010.0,35.0
8984,,,,,,Nate Kaeding,2010.0,28.0
8985,,,,,,Josh Scobee,2010.0,28.0
8986,,,,,,Adam Vinatieri,2010.0,38.0
8987,,,,,,Ryan Succop,2010.0,24.0
8988,,,,,,Rob Bironas,2010.0,32.0
8989,,,,,,Garrett Hartley,2010.0,24.0
8990,,,,,,Lawrence Tynes,2010.0,32.0
8991,,,,,,Rian Lindell,2010.0,33.0
8992,,,,,,Mike Nugent,2010.0,28.0
8993,,,,,,Ryan Longwell,2010.0,36.0
8994,,,,,,Matt Prater,2010.0,26.0
8995,,,,,,Dave Rayner,2010.0,28.0
8996,,,,,,Shaun Suisham,2010.0,29.0
8997,,,,,,Jason Hanson,2010.0,40.0
8998,,,,,,Stephen Gostkowski,2010.0,26.0
8999,,,,,,Joe Nedney,2010.0,37.0
9000,,,,,,Shayne Graham,2010.0,33.0
9001,,,,,,Clint Stitser,2010.0,25.0
9002,,,,,,Stephen Hauschka,2010.0,25.0
9003,,,,,,John Carney,2010.0,46.0
9004,,,,,,Kris Brown,2010.0,34.0
9005,,,,,,Shane Andrus,2010.0,30.0
9006,,,,,,Aaron Pettrey,2010.0,24.0
9007,,,,,,Ben Graham,2010.0,37.0
9008,,,,,,Donnie Jones,2010.0,30.0
9009,,,,,,Andy Lee,2010.0,28.0
9010,,,,,,Nick Harris,2010.0,32.0
9011,,,,,,Dustin Colquitt,2010.0,28.0
9012,,,,,,Chris Kluwe,2010.0,29.0
9013,,,,,,Brad Maynard,2010.0,36.0
9014,,,,,,Shane Lechler,2010.0,34.0
9015,,,,,,Michael Koenen,2010.0,28.0
9016,,,,,,Brandon Fields,2010.0,26.0
9017,,,,,,Saverio Rocca,2010.0,37.0
9018,,,,,,Kevin Huber,2010.0,25.0
9019,,,,,,Tim Masthay,2010.0,23.0
9020,,,,,,Pat McAfee,2010.0,23.0
9021,,,,,,Zoltan Mesko,2010.0,24.0
9022,,,,,,Thomas Morstead,2010.0,24.0
9023,,,,,,Adam Podlesh,2010.0,27.0
9024,,,,,,Hunter Smith,2010.0,33.0
9025,,,,,,Daniel Sepulveda,2010.0,26.0
9026,,,,,,Robert Malone,2010.0,22.0
9027,,,,,,Chris Bryan,2010.0,28.0
9028,,,,,,Jeremy Kapinos,2010.0,26.0
9029,,,,,,Sam Paulescu,2010.0,26.0
9030,,,,,,Ndamukong Suh,2010.0,23.0
9031,,,,,,Graham Gano,2011.0,24.0
9032,,,,,,Mike Nugent,2011.0,29.0
9033,,,,,,Neil Rackers,2011.0,35.0
9034,,,,,,Dan Bailey,2011.0,23.0
9035,,,,,,Billy Cundiff,2011.0,31.0
9036,,,,,,Sebastian Janikowski,2011.0,33.0
9037,,,,,,Dan Carpenter,2011.0,26.0
9038,,,,,,John Kasay,2011.0,42.0
9039,,,,,,Nick Novak,2011.0,30.0
9040,,,,,,Stephen Gostkowski,2011.0,27.0
9041,,,,,,Rob Bironas,2011.0,33.0
9042,,,,,,Robbie Gould,2011.0,29.0
9043,,,,,,Shaun Suisham,2011.0,30.0
9044,,,,,,Stephen Hauschka,2011.0,26.0
9045,,,,,,Ryan Succop,2011.0,25.0
9046,,,,,,Matt Bryant,2011.0,36.0
9047,,,,,,Phil Dawson,2011.0,36.0
9048,,,,,,Jason Hanson,2011.0,41.0
9049,,,,,,Connor Barth,2011.0,25.0
9050,,,,,,Josh Brown,2011.0,32.0
9051,,,,,,Mason Crosby,2011.0,27.0
9052,,,,,,Ryan Longwell,2011.0,37.0
9053,,,,,,Olindo Mare,2011.0,38.0
9054,,,,,,Alex Henery,2011.0,24.0
9055,,,,,,Adam Vinatieri,2011.0,39.0
9056,,,,,,Nick Folk,2011.0,27.0
9057,,,,,,Matt Prater,2011.0,27.0
9058,,,,,,Josh Scobee,2011.0,29.0
9059,,,,,,Jay Feely,2011.0,35.0
9060,,,,,,Lawrence Tynes,2011.0,33.0
9061,,,,,,Rian Lindell,2011.0,34.0
9062,,,,,,Dave Rayner,2011.0,29.0
9063,,,,,,Shayne Graham,2011.0,34.0
9064,,,,,,Mike Scifres,2011.0,31.0
9065,,,,,,Brandon Coutu,2011.0,27.0
9066,,,,,,Jon Ryan,2011.0,30.0
9067,,,,,,T.J. Conley,2011.0,26.0
9068,,,,,,Kevin Huber,2011.0,26.0
9069,,,,,,Pat McAfee,2011.0,24.0
9070,,,,,,Dave Zastudil,2011.0,33.0
9071,,,,,,Brad Maynard,2011.0,37.0
9072,,,,,,Brandon Fields,2011.0,27.0
9073,,,,,,Sam Koch,2011.0,29.0
9074,,,,,,Brian Moorman,2011.0,35.0
9075,,,,,,Matthew Bosher,2011.0,24.0
9076,,,,,,Michael Koenen,2011.0,29.0
9077,,,,,,Jason Baker,2011.0,33.0
9078,,,,,,Saverio Rocca,2011.0,38.0
9079,,,,,,Brett Hartmann,2011.0,24.0
9080,,,,,,Mat McBriar,2011.0,32.0
9081,,,,,,Zoltan Mesko,2011.0,25.0
9082,,,,,,Ryan Donahue,2011.0,23.0
9083,,,,,,Thomas Morstead,2011.0,25.0
9084,,,,,,Jeremy Kapinos,2011.0,27.0
9085,,,,,,Ben Graham,2011.0,38.0
9086,,,,,,Chris Jones,2011.0,22.0
9087,,,,,,Richmond McGee,2011.0,28.0
9088,,,,,,Robert Malone,2011.0,23.0
9089,,,,,,Dave Zastudil,2012.0,34.0
9090,,,,,,Bryan Anger,2012.0,24.0
9091,,,,,,Reggie Hodges,2012.0,30.0
9092,,,,,,Donnie Jones,2012.0,32.0
9093,,,,,,Robert Malone,2012.0,24.0
9094,,,,,,Dustin Colquitt,2012.0,30.0
9095,,,,,,Brett Kern,2012.0,26.0
9096,,,,,,Adam Podlesh,2012.0,29.0
9097,,,,,,Mike Scifres,2012.0,32.0
9098,,,,,,Drew Butler,2012.0,23.0
9099,,,,,,Michael Koenen,2012.0,30.0
9100,,,,,,Brad Nortman,2012.0,23.0
9101,,,,,,Thomas Morstead,2012.0,26.0
9102,,,,,,Pat McAfee,2012.0,25.0
9103,,,,,,Chris Kluwe,2012.0,31.0
9104,,,,,,Brian Moorman,2012.0,36.0
9105,,,,,,Saverio Rocca,2012.0,39.0
9106,,,,,,Britton Colquitt,2012.0,27.0
9107,,,,,,Nick Harris,2012.0,34.0
9108,,,,,,Andy Lee,2012.0,30.0
9109,,,,,,Shawn Powell,2012.0,24.0
9110,,,,,,Matthew Bosher,2012.0,25.0
9111,,,,,,Zoltan Mesko,2012.0,26.0
9112,,,,,,Steve Weatherford,2012.0,30.0
9113,,,,,,Mat McBriar,2012.0,33.0
9114,,,,,,Chas Henry,2012.0,23.0
9115,,,,,,Chris Jones,2012.0,23.0
9116,,,,,,Ben Graham,2012.0,39.0
9117,,,,,,Sam Koch,2013.0,31.0
9118,,,,,,Shane Lechler,2013.0,37.0
9119,,,,,,Dustin Colquitt,2013.0,31.0
9120,,,,,,Marquette King,2013.0,25.0
9121,,,,,,Saverio Rocca,2013.0,40.0
9122,,,,,,Donnie Jones,2013.0,33.0
9123,,,,,,Andy Lee,2013.0,31.0
9124,,,,,,Dave Zastudil,2013.0,35.0
9125,,,,,,Chris Jones,2013.0,24.0
9126,,,,,,Ryan Allen,2013.0,23.0
9127,,,,,,Pat McAfee,2013.0,26.0
9128,,,,,,Jeff Locke,2013.0,24.0
9129,,,,,,Jon Ryan,2013.0,32.0
9130,,,,,,Ryan Quigley,2013.0,23.0
9131,,,,,,Brad Nortman,2013.0,24.0
9132,,,,,,Matthew Bosher,2013.0,26.0
9133,,,,,,Adam Podlesh,2013.0,30.0
9134,,,,,,Britton Colquitt,2013.0,28.0
9135,,,,,,Tim Masthay,2013.0,26.0
9136,,,,,,Brian Moorman,2013.0,37.0
9137,,,,,,Thomas Morstead,2013.0,27.0
9138,,,,,,Mike Scifres,2013.0,33.0
9139,,,,,,Shawn Powell,2013.0,25.0
9140,,,,,,Zoltan Mesko,2013.0,27.0
9141,,,,,,Robert Malone,2013.0,25.0
9142,,,,,,Marquette King,2014.0,26.0
9143,,,,,,Spencer Lanning,2014.0,26.0
9144,,,,,,Brett Kern,2014.0,28.0
9145,,,,,,Colton Schmidt,2014.0,24.0
9146,,,,,,Drew Butler,2014.0,25.0
9147,,,,,,Michael Koenen,2014.0,32.0
9148,,,,,,Donnie Jones,2014.0,34.0
9149,,,,,,Jeff Locke,2014.0,25.0
9150,,,,,,Kevin Huber,2014.0,29.0
9151,,,,,,Brad Nortman,2014.0,25.0
9152,,,,,,Britton Colquitt,2014.0,29.0
9153,,,,,,Matthew Bosher,2014.0,27.0
9154,,,,,,Ryan Allen,2014.0,24.0
9155,,,,,,Sam Koch,2014.0,32.0
9156,,,,,,Brandon Fields,2014.0,30.0
9157,,,,,,Thomas Morstead,2014.0,28.0
9158,,,,,,Chris Jones,2014.0,25.0
9159,,,,,,Mike Scifres,2014.0,34.0
9160,,,,,,Tim Masthay,2014.0,27.0
9161,,,,,,Mat McBriar,2014.0,35.0
9162,,,,,,Dave Zastudil,2014.0,36.0
9163,,,,,,Shane Lechler,2015.0,39.0
9164,,,,,,Matt Darr,2015.0,23.0
9165,,,,,,Bradley Pinion,2015.0,21.0
9166,,,,,,Brett Kern,2015.0,29.0
9167,,,,,,Donnie Jones,2015.0,35.0
9168,,,,,,Britton Colquitt,2015.0,30.0
9169,,,,,,Marquette King,2015.0,27.0
9170,,,,,,Bryan Anger,2015.0,27.0
9171,,,,,,Sam Martin,2015.0,25.0
9172,,,,,,Brad Wing,2015.0,24.0
9173,,,,,,Dustin Colquitt,2015.0,33.0
9174,,,,,,Ryan Quigley,2015.0,25.0
9175,,,,,,Ryan Allen,2015.0,25.0
9176,,,,,,Mike Scifres,2015.0,35.0
9177,,,,,,Andy Lee,2015.0,33.0
9178,,,,,,Pat O'Donnell,2015.0,24.0
9179,,,,,,Tress Way,2015.0,25.0
9180,,,,,,Chris Jones,2015.0,26.0
9181,,,,,,Kevin Huber,2015.0,30.0
9182,,,,,,Jon Ryan,2015.0,34.0
9183,,,,,,Drew Butler,2015.0,26.0
9184,,,,,,Jordan Berry,2015.0,24.0
9185,,,,,,Matthew Bosher,2015.0,28.0
9186,,,,,,Thomas Morstead,2015.0,29.0
9187,,,,,,Jake Schum,2015.0,26.0
9188,,,,,,Brandon Fields,2015.0,31.0
9189,,,,,,Steve Weatherford,2015.0,33.0
9190,,,,,,Spencer Lanning,2015.0,27.0
9191,,,,,,Bradley Pinion,2016.0,22.0
9192,,,,,,Brad Wing,2016.0,25.0
9193,,,,,,Britton Colquitt,2016.0,31.0
9194,,,,,,Kevin Huber,2016.0,31.0
9195,,,,,,Brett Kern,2016.0,30.0
9196,,,,,,Brad Nortman,2016.0,27.0
9197,,,,,,Dustin Colquitt,2016.0,34.0
9198,,,,,,Jeff Locke,2016.0,27.0
9199,,,,,,Ryan Allen,2016.0,26.0
9200,,,,,,Shane Lechler,2016.0,40.0
9201,,,,,,Bryan Anger,2016.0,28.0
9202,,,,,,Pat O'Donnell,2016.0,25.0
9203,,,,,,Sam Martin,2016.0,26.0
9204,,,,,,Thomas Morstead,2016.0,30.0
9205,,,,,,Jake Schum,2016.0,27.0
9206,,,,,,Matthew Bosher,2016.0,29.0
9207,,,,,,Andy Lee,2016.0,34.0
9208,,,,,,Michael Palardy,2016.0,24.0
9209,,,,,,Ryan Quigley,2016.0,26.0
9210,,,,,,Matt Wile,2016.0,24.0
9211,,,,,,Brad Wing,2017.0,26.0
9212,,,,,,Shane Lechler,2017.0,41.0
9213,,,,,,Kevin Huber,2017.0,32.0
9214,,,,,,Andy Lee,2017.0,35.0
9215,,,,,,Rigoberto Sanchez,2017.0,23.0
9216,,,,,,Tress Way,2017.0,27.0
9217,,,,,,Britton Colquitt,2017.0,32.0
9218,,,,,,Colton Schmidt,2017.0,27.0
9219,,,,,,Brett Kern,2017.0,31.0
9220,,,,,,Bradley Pinion,2017.0,23.0
9221,,,,,,Drew Kaser,2017.0,24.0
9222,,,,,,Riley Dixon,2017.0,24.0
9223,,,,,,Justin Vogel,2017.0,24.0
9224,,,,,,Donnie Jones,2017.0,37.0
9225,,,,,,Bryan Anger,2017.0,29.0
9226,,,,,,Dustin Colquitt,2017.0,35.0
9227,,,,,,Jordan Berry,2017.0,26.0
9228,,,,,,Thomas Morstead,2017.0,31.0
9229,,,,,,Ryan Allen,2017.0,27.0
9230,,,,,,Sam Martin,2017.0,27.0
9231,,,,,,Jeff Locke,2017.0,28.0
9232,,,,,,Jeff Heath,2017.0,26.0
9233,,,,,,Andy Lee,2018.0,36.0
9234,,,,,,Matt Haack,2018.0,24.0
9235,,,,,,Britton Colquitt,2018.0,33.0
9236,,,,,,Lac Edwards,2018.0,26.0
9237,,,,,,Trevor Daniel,2018.0,24.0
9238,,,,,,Brett Kern,2018.0,32.0
9239,,,,,,Sam Martin,2018.0,28.0
9240,,,,,,Matt Wile,2018.0,26.0
9241,,,,,,Kevin Huber,2018.0,33.0
9242,,,,,,Bradley Pinion,2018.0,24.0
9243,,,,,,Ryan Allen,2018.0,28.0
9244,,,,,,Jordan Berry,2018.0,27.0
9245,,,,,,Pat O'Donnell,2018.0,27.0
9246,,,,,,Cameron Johnston,2018.0,26.0
9247,,,,,,Michael Palardy,2018.0,26.0
9248,,,,,,Matthew Bosher,2018.0,31.0
9249,,,,,,Chris Jones,2018.0,29.0
9250,,,,,,Rigoberto Sanchez,2018.0,24.0
9251,,,,,,Donnie Jones,2018.0,38.0
9252,,,,,,Dustin Colquitt,2018.0,36.0
9253,,,,,,Thomas Morstead,2018.0,32.0
9254,,,,,,Matt Darr,2018.0,26.0
9255,,,,,,Marquette King,2018.0,30.0
9256,,,,,,Colton Schmidt,2018.0,28.0
9257,,,,,,Drew Kaser,2018.0,25.0
9258,,,,,,Ty Long,2019.0,26.0
9259,,,,,,Kaare Vedvik,2019.0,25.0
9260,,,,,,Lac Edwards,2019.0,27.0
9261,,,,,,Jake Bailey,2019.0,22.0
9262,,,,,,Pat O'Donnell,2019.0,28.0
9263,,,,,,Corey Bojorquez,2019.0,23.0
9264,,,,,,Tress Way,2019.0,29.0
9265,,,,,,Colby Wadman,2019.0,24.0
9266,,,,,,JK Scott,2019.0,24.0
9267,,,,,,Sam Martin,2019.0,29.0
9268,,,,,,Kevin Huber,2019.0,34.0
9269,,,,,,Michael Dickson,2019.0,23.0
9270,,,,,,Cameron Johnston,2019.0,27.0
9271,,,,,,Riley Dixon,2019.0,26.0
9272,,,,,,AJ Cole III,2019.0,24.0
9273,,,,,,Jamie Gillan,2019.0,22.0
9274,,,,,,Britton Colquitt,2019.0,34.0
9275,,,,,,Thomas Morstead,2019.0,33.0
9276,,,,,,Rigoberto Sanchez,2019.0,25.0
9277,,,,,,Bradley Pinion,2019.0,25.0
9278,,,,,,Mitch Wishnowsky,2019.0,27.0
9279,,,,,,Chris Jones,2019.0,30.0
9280,,,,,,Ryan Allen,2019.0,29.0
9281,,,,,,Trevor Daniel,2019.0,25.0
9282,,,,,,Matthew Bosher,2019.0,32.0
9283,,,,,,Kasey Redfern,2019.0,28.0
9284,,,,,,Matt Wile,2019.0,27.0
9285,,,,,,Ryan Winslow,2019.0,25.0
9286,,,,,,Sam Sloman,2020.0,23.0
9287,,,,,,Braden Mann,2020.0,23.0
9288,,,,,,Tress Way,2020.0,30.0
9289,,,,,,Kevin Huber,2020.0,35.0
9290,,,,,,Cameron Johnston,2020.0,28.0
9291,,,,,,Matt Haack,2020.0,26.0
9292,,,,,,Johnny Hekker,2020.0,30.0
9293,,,,,,Mitch Wishnowsky,2020.0,28.0
9294,,,,,,Pat O'Donnell,2020.0,29.0
9295,,,,,,Thomas Morstead,2020.0,34.0
9296,,,,,,Michael Dickson,2020.0,24.0
9297,,,,,,Jack Fox,2020.0,24.0
9298,,,,,,Jordan Berry,2020.0,29.0
9299,,,,,,Logan Cooke,2020.0,25.0
9300,,,,,,Sterling Hofrichter,2020.0,24.0
9301,,,,,,Jake Bailey,2020.0,23.0
9302,,,,,,Bradley Pinion,2020.0,26.0
9303,,,,,,Bryan Anger,2020.0,32.0
9304,,,,,,Britton Colquitt,2020.0,35.0
9305,,,,,,JK Scott,2020.0,25.0
9306,,,,,,Rigoberto Sanchez,2020.0,26.0
9307,,,,,,Corey Bojorquez,2020.0,24.0
9308,,,,,,Dustin Colquitt,2020.0,38.0
9309,,,,,,Hunter Niswander,2020.0,26.0
9310,,,,,,Ryan Allen,2020.0,30.0
9311,,,,,,Trevor Daniel,2020.0,26.0
9312,,,,,,Johnny Townsend,2020.0,25.0
9313,,,,,,Brandon Wright,2020.0,23.0
9314,,,,,,Jake Elliott ,2021.0,26.0
9315,,,,,,Mitch Wishnowsky,2021.0,29.0
9316,,,,,,Bradley Pinion,2021.0,27.0
9317,,,,,,Cameron Johnston,2021.0,29.0
9318,,,,,,Michael Dickson,2021.0,25.0
9319,,,,,,Jordan Berry,2021.0,30.0
9320,,,,,,Pressley Harvin III,2021.0,23.0
9321,,,,,,Sam Martin,2021.0,31.0
9322,,,,,,Kevin Huber,2021.0,36.0
9323,,,,,,Bryan Anger,2021.0,33.0
9324,,,,,,AJ Cole III,2021.0,26.0
9325,,,,,,Logan Cooke,2021.0,26.0
9326,,,,,,Pat O'Donnell,2021.0,30.0
9327,,,,,,Tress Way,2021.0,31.0
9328,,,,,,Rigoberto Sanchez,2021.0,27.0
9329,,,,,,Arryn Siposs,2021.0,29.0
9330,,,,,,Corey Bojorquez,2021.0,25.0
9331,,,,,,Matt Haack,2021.0,27.0
9332,,,,,,Jake Bailey,2021.0,24.0
9333,,,,,,Dustin Colquitt,2021.0,39.0
9334,,,,,,Brett Kern,2021.0,35.0
9335,,,,,,Thomas Morstead,2021.0,35.0
9336,,,,,,Lac Edwards,2021.0,29.0
9337,,,,,,Joseph Charlton,2021.0,24.0
9338,,,,,,Cameron Nizialek,2021.0,26.0
9339,,,,,,Ryan Winslow,2021.0,27.0
9340,,,,,,Johnny Townsend,2021.0,26.0
9341,,,,,,Corliss Waitman,2021.0,26.0
9342,,,,,,Sterling Hofrichter,2021.0,25.0
9343,,,,,,JK Scott,2021.0,26.0
